group_type,group_key,a,b,c,d,n_group,k_bad,n_total,n_bad_total,p_bad_in_group,p_bad_outside,odds_ratio,or_ci_low,or_ci_high,or_method,ci_method,p_hyper,p_fisher_two_sided,p_bonferroni,q_bh,rank_p,rank_bh,testable,flag
stage,104,6,8,210,2857,14,6,3081,216,0.42857142857142855,0.06847081838930551,10.20357142857143,3.507840472780035,29.68004694222814,未校正,Woolf,0.0002065589380394314,0.00020655893803943142,0.04007243397964969,0.009728474528747708,1,1,True,
stage,1,40,289,176,2576,329,40,3081,216,0.12158054711246201,0.06395348837209303,2.025794274929223,1.4074158242470642,2.9158706145225266,未校正,Woolf,0.000234863155377847,0.00033865053984172847,0.04556345214330232,0.009728474528747708,2,2,True,
recipe,215,39,287,177,2578,326,39,3081,216,0.1196319018404908,0.06424682395644284,1.9792121892163232,1.3704930401902444,2.8583004619992054,未校正,Woolf,0.0004011742073710395,0.0005236437073150174,0.07782779622998166,0.009728474528747708,1,1,True,
recipe_step_x_stage,215|4,39,287,177,2578,326,39,3081,216,0.1196319018404908,0.06424682395644284,1.9792121892163232,1.3704930401902444,2.8583004619992054,未校正,Woolf,0.0004011742073710395,0.0005236437073150174,0.07782779622998166,0.009728474528747708,1,1,True,
recipe_step_x_stage,215|3,39,287,177,2578,326,39,3081,216,0.1196319018404908,0.06424682395644284,1.9792121892163232,1.3704930401902444,2.8583004619992054,未校正,Woolf,0.0004011742073710395,0.0005236437073150174,0.07782779622998166,0.009728474528747708,2,2,True,
recipe_step_x_stage,215|1,39,287,177,2578,326,39,3081,216,0.1196319018404908,0.06424682395644284,1.9792121892163232,1.3704930401902444,2.8583004619992054,未校正,Woolf,0.0004011742073710395,0.0005236437073150174,0.07782779622998166,0.009728474528747708,3,3,True,
recipe_step_x_stage,215|5,39,287,177,2578,326,39,3081,216,0.1196319018404908,0.06424682395644284,1.9792121892163232,1.3704930401902444,2.8583004619992054,未校正,Woolf,0.0004011742073710395,0.0005236437073150174,0.07782779622998166,0.009728474528747708,4,4,True,
recipe_step_x_stage,215|2,39,287,177,2578,326,39,3081,216,0.1196319018404908,0.06424682395644284,1.9792121892163232,1.3704930401902444,2.8583004619992054,未校正,Woolf,0.0004011742073710395,0.0005236437073150174,0.07782779622998166,0.009728474528747708,5,5,True,
recipe,5,9,34,207,2831,43,9,3081,216,0.20930232558139536,0.06813693219223173,3.6202046035805626,1.7132311247056733,7.649803451964158,未校正,Woolf,0.0023876613365109477,0.0023876613365109473,0.46320629928312385,0.029764274521603018,2,2,True,
stage,44,9,34,207,2831,43,9,3081,216,0.20930232558139536,0.06813693219223173,3.6202046035805626,1.7132311247056733,7.649803451964158,未校正,Woolf,0.0023876613365109477,0.0023876613365109473,0.46320629928312385,0.029764274521603018,3,3,True,
recipe_step_x_stage,5|3,9,34,207,2831,43,9,3081,216,0.20930232558139536,0.06813693219223173,3.6202046035805626,1.7132311247056733,7.649803451964158,未校正,Woolf,0.0023876613365109477,0.0023876613365109473,0.46320629928312385,0.029764274521603018,6,6,True,
recipe_step_x_stage,5|2,9,34,207,2831,43,9,3081,216,0.20930232558139536,0.06813693219223173,3.6202046035805626,1.7132311247056733,7.649803451964158,未校正,Woolf,0.0023876613365109477,0.0023876613365109473,0.46320629928312385,0.029764274521603018,7,7,True,
recipe_step_x_stage,5|1,9,34,207,2831,43,9,3081,216,0.20930232558139536,0.06813693219223173,3.6202046035805626,1.7132311247056733,7.649803451964158,未校正,Woolf,0.0023876613365109477,0.0023876613365109473,0.46320629928312385,0.029764274521603018,8,8,True,
recipe_step_x_stage,5|5,9,34,207,2831,43,9,3081,216,0.20930232558139536,0.06813693219223173,3.6202046035805626,1.7132311247056733,7.649803451964158,未校正,Woolf,0.0023876613365109477,0.0023876613365109473,0.46320629928312385,0.029764274521603018,9,9,True,
recipe_step_x_stage,5|4,9,34,207,2831,43,9,3081,216,0.20930232558139536,0.06813693219223173,3.6202046035805626,1.7132311247056733,7.649803451964158,未校正,Woolf,0.0023876613365109477,0.0023876613365109473,0.46320629928312385,0.029764274521603018,10,10,True,
stage,251,8,29,208,2836,37,8,3081,216,0.21621621621621623,0.0683311432325887,3.7612732095490715,1.6980456731781497,8.331446191546183,未校正,Woolf,0.0033498046748338915,0.0033498046748338902,0.6498621069177749,0.029764274521603018,4,4,True,
recipe,7,8,30,208,2835,38,8,3081,216,0.21052631578947367,0.06835359842260927,3.6346153846153846,1.645434317633027,8.028536206225581,未校正,Woolf,0.003992642081225198,0.003992642081225199,0.7745725637576883,0.029764274521603018,3,3,True,
stage,45,8,30,208,2835,38,8,3081,216,0.21052631578947367,0.06835359842260927,3.6346153846153846,1.645434317633027,8.028536206225581,未校正,Woolf,0.003992642081225198,0.003992642081225199,0.7745725637576883,0.029764274521603018,5,5,True,
recipe_step_x_stage,7|3,8,30,208,2835,38,8,3081,216,0.21052631578947367,0.06835359842260927,3.6346153846153846,1.645434317633027,8.028536206225581,未校正,Woolf,0.003992642081225198,0.003992642081225199,0.7745725637576883,0.029764274521603018,11,11,True,
recipe_step_x_stage,7|2,8,30,208,2835,38,8,3081,216,0.21052631578947367,0.06835359842260927,3.6346153846153846,1.645434317633027,8.028536206225581,未校正,Woolf,0.003992642081225198,0.003992642081225199,0.7745725637576883,0.029764274521603018,12,12,True,
recipe_step_x_stage,7|1,8,30,208,2835,38,8,3081,216,0.21052631578947367,0.06835359842260927,3.6346153846153846,1.645434317633027,8.028536206225581,未校正,Woolf,0.003992642081225198,0.003992642081225199,0.7745725637576883,0.029764274521603018,13,13,True,
recipe_step_x_stage,7|5,8,30,208,2835,38,8,3081,216,0.21052631578947367,0.06835359842260927,3.6346153846153846,1.645434317633027,8.028536206225581,未校正,Woolf,0.003992642081225198,0.003992642081225199,0.7745725637576883,0.029764274521603018,14,14,True,
recipe_step_x_stage,7|4,8,30,208,2835,38,8,3081,216,0.21052631578947367,0.06835359842260927,3.6346153846153846,1.645434317633027,8.028536206225581,未校正,Woolf,0.003992642081225198,0.003992642081225199,0.7745725637576883,0.029764274521603018,15,15,True,
recipe,2,103,1099,113,1766,1202,103,3081,216,0.08569051580698835,0.0601383714741884,1.464710476942031,1.1098646919354969,1.9330075069983725,未校正,Woolf,0.004449298768693235,0.007415156987824209,0.8631639611264875,0.029764274521603018,4,4,True,
recipe_step_x_stage,2|2,103,1099,113,1766,1202,103,3081,216,0.08569051580698835,0.0601383714741884,1.464710476942031,1.1098646919354969,1.9330075069983725,未校正,Woolf,0.004449298768693235,0.007415156987824209,0.8631639611264875,0.029764274521603018,16,16,True,
recipe_step_x_stage,2|1,103,1099,113,1766,1202,103,3081,216,0.08569051580698835,0.0601383714741884,1.464710476942031,1.1098646919354969,1.9330075069983725,未校正,Woolf,0.004449298768693235,0.007415156987824209,0.8631639611264875,0.029764274521603018,17,17,True,
recipe_step_x_stage,2|5,103,1099,113,1766,1202,103,3081,216,0.08569051580698835,0.0601383714741884,1.464710476942031,1.1098646919354969,1.9330075069983725,未校正,Woolf,0.004449298768693235,0.007415156987824209,0.8631639611264875,0.029764274521603018,18,18,True,
recipe_step_x_stage,2|4,103,1099,113,1766,1202,103,3081,216,0.08569051580698835,0.0601383714741884,1.464710476942031,1.1098646919354969,1.9330075069983725,未校正,Woolf,0.004449298768693235,0.007415156987824209,0.8631639611264875,0.029764274521603018,19,19,True,
recipe_step_x_stage,2|3,103,1099,113,1766,1202,103,3081,216,0.08569051580698835,0.0601383714741884,1.464710476942031,1.1098646919354969,1.9330075069983725,未校正,Woolf,0.004449298768693235,0.007415156987824209,0.8631639611264875,0.029764274521603018,20,20,True,
stage,30,3,4,213,2861,7,3,3081,216,0.42857142857142855,0.06929082628497073,10.07394366197183,2.2401583493987123,45.30230683550658,未校正,Woolf,0.009629994275852488,0.009629994275852488,1.0,0.06227396298384609,6,6,True,
recipe_step,6,50,476,166,2389,526,50,3081,216,0.09505703422053231,0.0649706457925636,1.5117191454895211,1.0855806036442834,2.1051359679491837,未校正,Woolf,0.010787971873258292,0.01865682921978077,1.0,0.06540207948162839,1,1,True,
recipe_step,7,50,476,166,2389,526,50,3081,216,0.09505703422053231,0.0649706457925636,1.5117191454895211,1.0855806036442834,2.1051359679491837,未校正,Woolf,0.010787971873258292,0.01865682921978077,1.0,0.06540207948162839,2,2,True,
stage,2,7,30,209,2835,37,7,3081,216,0.1891891891891892,0.06865965834428384,3.165071770334928,1.3737879327439892,7.292012888307929,未校正,Woolf,0.012712470057938161,0.012712470057938165,1.0,0.0747339148860607,7,7,True,
stage,41,8,39,208,2826,47,8,3081,216,0.1702127659574468,0.06855636123928807,2.78698224852071,1.285728688659323,6.041142367032948,未校正,Woolf,0.014885671300994347,0.014885671300994347,1.0,0.08426474530616039,8,8,True,
stage,68,10,56,206,2809,66,10,3081,216,0.15151515151515152,0.06832504145936982,2.43498613037448,1.2242966327057472,4.8429092237331375,未校正,Woolf,0.015202402503688732,0.023026546702844045,1.0,0.08426474530616039,9,9,True,
stage,55,3,6,213,2859,9,3,3081,216,0.3333333333333333,0.0693359375,6.711267605633803,1.6668076738468518,27.022381514766234,未校正,Woolf,0.020810815545407247,0.020810815545407247,1.0,0.11214717266136127,10,10,True,
recipe_step,9,45,438,171,2427,483,45,3081,216,0.09316770186335403,0.06581986143187067,1.4581831290555154,1.03397717095532,2.056426483669449,未校正,Woolf,0.02216481148249347,0.04091730507102941,1.0,0.11621549804334412,3,3,True,
recipe_step,8,45,439,171,2426,484,45,3081,216,0.09297520661157024,0.06584520600693107,1.4542620788874236,1.0312257957927036,2.0508391108120643,未校正,Woolf,0.022927938277762842,0.04109614621448081,1.0,0.11705315857594716,4,4,True,
stage,23,11,70,205,2795,81,11,3081,216,0.13580246913580246,0.06833333333333333,2.1425087108013936,1.11701476871933,4.109474381545313,未校正,Woolf,0.024064211803547984,0.026622794723667645,1.0,0.11970402794585407,11,11,True,
stage,29,19,158,197,2707,177,19,3081,216,0.10734463276836158,0.0678374655647383,1.6524127738867826,1.0048409607711757,2.71731356692375,未校正,Woolf,0.03810672973637676,0.06642946620615327,1.0,0.15160504394171445,12,12,True,
recipe_step_x_stage,2|6,20,169,196,2696,189,20,3081,216,0.10582010582010581,0.0677731673582296,1.6278227267238257,1.0016238279407317,2.6455109749998735,未校正,Woolf,0.03859510608119288,0.05504818592264401,1.0,0.15160504394171445,21,21,True,
recipe_step_x_stage,2|7,20,169,196,2696,189,20,3081,216,0.10582010582010581,0.0677731673582296,1.6278227267238257,1.0016238279407317,2.6455109749998735,未校正,Woolf,0.03859510608119288,0.05504818592264401,1.0,0.15160504394171445,22,22,True,
stage,254,7,40,209,2825,47,7,3081,216,0.14893617021276595,0.06888595912986156,2.3654306220095696,1.0468198583480006,5.345009442570695,未校正,Woolf,0.04293710123945771,0.04293710123945772,1.0,0.15160504394171445,13,13,True,
recipe,6,4,16,212,2849,20,4,3081,216,0.2,0.06925841228356747,3.359669811320755,1.1133136669045025,10.138545476122536,未校正,Woolf,0.04678948212799139,0.046789482127991396,1.0,0.15160504394171445,5,5,True,
stage,39,4,16,212,2849,20,4,3081,216,0.2,0.06925841228356747,3.359669811320755,1.1133136669045025,10.138545476122536,未校正,Woolf,0.04678948212799139,0.046789482127991396,1.0,0.15160504394171445,14,14,True,
recipe_step_x_stage,6|7,4,16,212,2849,20,4,3081,216,0.2,0.06925841228356747,3.359669811320755,1.1133136669045025,10.138545476122536,未校正,Woolf,0.04678948212799139,0.046789482127991396,1.0,0.15160504394171445,23,23,True,
recipe_step_x_stage,6|3,4,16,212,2849,20,4,3081,216,0.2,0.06925841228356747,3.359669811320755,1.1133136669045025,10.138545476122536,未校正,Woolf,0.04678948212799139,0.046789482127991396,1.0,0.15160504394171445,24,24,True,
recipe_step_x_stage,6|5,4,16,212,2849,20,4,3081,216,0.2,0.06925841228356747,3.359669811320755,1.1133136669045025,10.138545476122536,未校正,Woolf,0.04678948212799139,0.046789482127991396,1.0,0.15160504394171445,25,25,True,
recipe_step_x_stage,6|12,4,16,212,2849,20,4,3081,216,0.2,0.06925841228356747,3.359669811320755,1.1133136669045025,10.138545476122536,未校正,Woolf,0.04678948212799139,0.046789482127991396,1.0,0.15160504394171445,26,26,True,
recipe_step_x_stage,6|13,4,16,212,2849,20,4,3081,216,0.2,0.06925841228356747,3.359669811320755,1.1133136669045025,10.138545476122536,未校正,Woolf,0.04678948212799139,0.046789482127991396,1.0,0.15160504394171445,27,27,True,
recipe_step_x_stage,6|8,4,16,212,2849,20,4,3081,216,0.2,0.06925841228356747,3.359669811320755,1.1133136669045025,10.138545476122536,未校正,Woolf,0.04678948212799139,0.046789482127991396,1.0,0.15160504394171445,28,28,True,
recipe_step_x_stage,6|11,4,16,212,2849,20,4,3081,216,0.2,0.06925841228356747,3.359669811320755,1.1133136669045025,10.138545476122536,未校正,Woolf,0.04678948212799139,0.046789482127991396,1.0,0.15160504394171445,29,29,True,
recipe_step_x_stage,6|1,4,16,212,2849,20,4,3081,216,0.2,0.06925841228356747,3.359669811320755,1.1133136669045025,10.138545476122536,未校正,Woolf,0.04678948212799139,0.046789482127991396,1.0,0.15160504394171445,30,30,True,
recipe_step_x_stage,6|9,4,16,212,2849,20,4,3081,216,0.2,0.06925841228356747,3.359669811320755,1.1133136669045025,10.138545476122536,未校正,Woolf,0.04678948212799139,0.046789482127991396,1.0,0.15160504394171445,31,31,True,
recipe_step_x_stage,6|10,4,16,212,2849,20,4,3081,216,0.2,0.06925841228356747,3.359669811320755,1.1133136669045025,10.138545476122536,未校正,Woolf,0.04678948212799139,0.046789482127991396,1.0,0.15160504394171445,32,32,True,
recipe_step_x_stage,6|2,4,16,212,2849,20,4,3081,216,0.2,0.06925841228356747,3.359669811320755,1.1133136669045025,10.138545476122536,未校正,Woolf,0.04678948212799139,0.046789482127991396,1.0,0.15160504394171445,33,33,True,
recipe_step_x_stage,6|6,4,16,212,2849,20,4,3081,216,0.2,0.06925841228356747,3.359669811320755,1.1133136669045025,10.138545476122536,未校正,Woolf,0.04678948212799139,0.046789482127991396,1.0,0.15160504394171445,34,34,True,
recipe_step_x_stage,6|4,4,16,212,2849,20,4,3081,216,0.2,0.06925841228356747,3.359669811320755,1.1133136669045025,10.138545476122536,未校正,Woolf,0.04678948212799139,0.046789482127991396,1.0,0.15160504394171445,35,35,True,
stage,51,5,24,211,2841,29,5,3081,216,0.1724137931034483,0.06913499344692005,2.8050947867298577,1.059535168461894,7.426423394668106,未校正,Woolf,0.048192889690336534,0.04819288969033654,1.0,0.15160504394171445,15,15,True,
recipe_step,10,12,90,204,2775,102,12,3081,216,0.11764705882352941,0.06847935548841894,1.8137254901960784,0.976771408002592,3.367830105217694,未校正,Woolf,0.05066292527150197,0.07200000533176174,1.0,0.15160504394171445,5,5,True,
recipe,217,6,33,210,2832,39,6,3081,216,0.15384615384615385,0.06903353057199212,2.451948051948052,1.0159294390537659,5.917782297018043,未校正,Woolf,0.05157697371212966,0.05157697371212966,1.0,0.15160504394171445,6,6,True,
recipe_step_x_stage,217|4,6,33,210,2832,39,6,3081,216,0.15384615384615385,0.06903353057199212,2.451948051948052,1.0159294390537659,5.917782297018043,未校正,Woolf,0.05157697371212966,0.05157697371212966,1.0,0.15160504394171445,36,36,True,
recipe_step_x_stage,217|3,6,33,210,2832,39,6,3081,216,0.15384615384615385,0.06903353057199212,2.451948051948052,1.0159294390537659,5.917782297018043,未校正,Woolf,0.05157697371212966,0.05157697371212966,1.0,0.15160504394171445,37,37,True,
recipe_step_x_stage,217|2,6,33,210,2832,39,6,3081,216,0.15384615384615385,0.06903353057199212,2.451948051948052,1.0159294390537659,5.917782297018043,未校正,Woolf,0.05157697371212966,0.05157697371212966,1.0,0.15160504394171445,38,38,True,
recipe_step_x_stage,217|1,6,33,210,2832,39,6,3081,216,0.15384615384615385,0.06903353057199212,2.451948051948052,1.0159294390537659,5.917782297018043,未校正,Woolf,0.05157697371212966,0.05157697371212966,1.0,0.15160504394171445,39,39,True,
recipe_step_x_stage,217|5,6,33,210,2832,39,6,3081,216,0.15384615384615385,0.06903353057199212,2.451948051948052,1.0159294390537659,5.917782297018043,未校正,Woolf,0.05157697371212966,0.05157697371212966,1.0,0.15160504394171445,40,40,True,
recipe_step_x_stage,3|9,2,4,214,2861,6,2,3081,216,0.3333333333333333,0.06959349593495935,6.684579439252336,1.2174407056410947,36.70289819670935,未校正,Woolf,0.060822958664503865,0.06082295866450387,1.0,0.168566485441625,41,41,True,
recipe_step_x_stage,3|10,2,4,214,2861,6,2,3081,216,0.3333333333333333,0.06959349593495935,6.684579439252336,1.2174407056410947,36.70289819670935,未校正,Woolf,0.060822958664503865,0.06082295866450387,1.0,0.168566485441625,42,42,True,
recipe_step_x_stage,3|8,2,4,214,2861,6,2,3081,216,0.3333333333333333,0.06959349593495935,6.684579439252336,1.2174407056410947,36.70289819670935,未校正,Woolf,0.060822958664503865,0.06082295866450387,1.0,0.168566485441625,43,43,True,
stage,69,2,4,214,2861,6,2,3081,216,0.3333333333333333,0.06959349593495935,6.684579439252336,1.2174407056410947,36.70289819670935,未校正,Woolf,0.060822958664503865,0.06082295866450387,1.0,0.168566485441625,16,16,True,
recipe_step_x_stage,2|9,19,169,197,2696,188,19,3081,216,0.10106382978723404,0.06809540269616315,1.5385816838374433,0.9371061166858308,2.5261104966554053,未校正,Woolf,0.06368061425179287,0.10270694754761683,1.0,0.17158387728955302,44,44,True,
recipe_step_x_stage,2|8,19,169,197,2696,188,19,3081,216,0.10106382978723404,0.06809540269616315,1.5385816838374433,0.9371061166858308,2.5261104966554053,未校正,Woolf,0.06368061425179287,0.10270694754761683,1.0,0.17158387728955302,45,45,True,
stage,36,11,85,205,2780,96,11,3081,216,0.11458333333333333,0.06867671691792294,1.7549497847919655,0.9218194852873374,3.3410540743574724,未校正,Woolf,0.06988414769353739,0.09989268984585664,1.0,0.18571951578830484,17,17,True,
stage,190,7,46,209,2819,53,7,3081,216,0.1320754716981132,0.0690224570673712,2.0525275639692118,0.915382358150468,4.602305652214554,未校正,Woolf,0.07403856757882936,0.09455613413253135,1.0,0.19410110959855265,18,18,True,
stage,7,9,66,207,2799,75,9,3081,216,0.12,0.0688622754491018,1.8438735177865613,0.9059792473027753,3.752701355705958,未校正,Woolf,0.07620845178883978,0.10345202843345402,1.0,0.19712586196046555,19,19,True,
recipe_step_x_stage,3|6,3,12,213,2853,15,3,3081,216,0.2,0.06947162426614481,3.3485915492957745,0.9377722264661833,11.9571310042625,未校正,Woolf,0.08269572849311278,0.08269572849311278,1.0,0.2083502769826478,46,46,True,
recipe_step_x_stage,3|7,3,12,213,2853,15,3,3081,216,0.2,0.06947162426614481,3.3485915492957745,0.9377722264661833,11.9571310042625,未校正,Woolf,0.08269572849311278,0.08269572849311278,1.0,0.2083502769826478,47,47,True,
stage,63,4,21,212,2844,25,4,3081,216,0.16,0.0693717277486911,2.555256064690027,0.8692173706691434,7.511738463197917,未校正,Woolf,0.09320239479560233,0.09320239479560231,1.0,0.2318110844916263,20,20,True,
stage,87,2,6,214,2859,8,2,3081,216,0.25,0.0696387894565571,4.453271028037383,0.8934346900891774,22.197059358840942,未校正,Woolf,0.10352706151063774,0.10352706151063773,1.0,0.2542310118109332,21,21,True,
stage,32,6,41,210,2824,47,6,3081,216,0.1276595744680851,0.06921555702043507,1.96794425087108,0.8260448034917277,4.688371088548734,未校正,Woolf,0.10736416593570498,0.1393338365758526,1.0,0.2603581023940846,22,22,True,
stage,46,12,105,204,2760,117,12,3081,216,0.10256410256410256,0.06882591093117409,1.546218487394958,0.8368306972546831,2.8569597394134942,未校正,Woolf,0.11487712406308614,0.19182257576240802,1.0,0.27513780331158905,23,23,True,
stage,81,2,7,214,2858,9,2,3081,216,0.2222222222222222,0.06966145833333333,3.815754339118825,0.787843331764654,18.480807781785632,未校正,Woolf,0.1271602746428571,0.1271602746428571,1.0,0.3008426009843204,24,24,True,
recipe_step,12,10,87,206,2778,97,10,3081,216,0.10309278350515463,0.0690348525469169,1.5500502176096418,0.7935108227244199,3.0278801603013816,未校正,Woolf,0.13864668820850132,0.2202080755377874,1.0,0.3202078275291578,6,6,True,
recipe_step,13,10,87,206,2778,97,10,3081,216,0.10309278350515463,0.0690348525469169,1.5500502176096418,0.7935108227244199,3.0278801603013816,未校正,Woolf,0.13864668820850132,0.2202080755377874,1.0,0.3202078275291578,7,7,True,
recipe_step,11,10,89,206,2776,99,10,3081,216,0.10101010101010101,0.06908115358819585,1.5141267590269445,0.7756949517145953,2.955517291087073,未校正,Woolf,0.15245976460179103,0.2265849902640797,1.0,0.3479669921499701,8,8,True,
stage,35,9,80,207,2785,89,9,3081,216,0.10112359550561797,0.06918449197860962,1.513586956521739,0.7490671733015843,3.058397906899567,未校正,Woolf,0.16818415159802072,0.28650809643740427,1.0,0.3793921559304188,25,25,True,
recipe_step_x_stage,11|7,5,40,211,2825,45,5,3081,216,0.1111111111111111,0.06949934123847168,1.6735781990521328,0.653644007265151,4.28499910840062,未校正,Woolf,0.20458395153330258,0.2416396019443964,1.0,0.4394161413201146,48,48,True,
recipe_step_x_stage,11|9,5,40,211,2825,45,5,3081,216,0.1111111111111111,0.06949934123847168,1.6735781990521328,0.653644007265151,4.28499910840062,未校正,Woolf,0.20458395153330258,0.2416396019443964,1.0,0.4394161413201146,49,49,True,
recipe_step_x_stage,11|8,5,40,211,2825,45,5,3081,216,0.1111111111111111,0.06949934123847168,1.6735781990521328,0.653644007265151,4.28499910840062,未校正,Woolf,0.20458395153330258,0.2416396019443964,1.0,0.4394161413201146,50,50,True,
recipe_step_x_stage,11|6,5,40,211,2825,45,5,3081,216,0.1111111111111111,0.06949934123847168,1.6735781990521328,0.653644007265151,4.28499910840062,未校正,Woolf,0.20458395153330258,0.2416396019443964,1.0,0.4394161413201146,51,51,True,
recipe,11,5,41,211,2824,46,5,3081,216,0.10869565217391304,0.06952224052718287,1.6321812507224598,0.6382707136767619,4.173802084485212,未校正,Woolf,0.21744303900376805,0.2518623190298356,1.0,0.4394161413201146,7,7,True,
recipe_step_x_stage,11|4,5,41,211,2824,46,5,3081,216,0.10869565217391304,0.06952224052718287,1.6321812507224598,0.6382707136767619,4.173802084485212,未校正,Woolf,0.21744303900376805,0.2518623190298356,1.0,0.4394161413201146,52,52,True,
recipe_step_x_stage,11|3,5,41,211,2824,46,5,3081,216,0.10869565217391304,0.06952224052718287,1.6321812507224598,0.6382707136767619,4.173802084485212,未校正,Woolf,0.21744303900376805,0.2518623190298356,1.0,0.4394161413201146,53,53,True,
recipe_step_x_stage,11|1,5,41,211,2824,46,5,3081,216,0.10869565217391304,0.06952224052718287,1.6321812507224598,0.6382707136767619,4.173802084485212,未校正,Woolf,0.21744303900376805,0.2518623190298356,1.0,0.4394161413201146,54,54,True,
recipe_step_x_stage,11|5,5,41,211,2824,46,5,3081,216,0.10869565217391304,0.06952224052718287,1.6321812507224598,0.6382707136767619,4.173802084485212,未校正,Woolf,0.21744303900376805,0.2518623190298356,1.0,0.4394161413201146,55,55,True,
recipe_step_x_stage,11|2,5,41,211,2824,46,5,3081,216,0.10869565217391304,0.06952224052718287,1.6321812507224598,0.6382707136767619,4.173802084485212,未校正,Woolf,0.21744303900376805,0.2518623190298356,1.0,0.4394161413201146,56,56,True,
stage,100,2,11,214,2854,13,2,3081,216,0.15384615384615385,0.0697522816166884,2.4248088360237894,0.5340456428889229,11.00972916744117,未校正,Woolf,0.23018177947230556,0.23018177947230556,1.0,0.45566597160844163,26,26,True,
stage,133,2,11,214,2854,13,2,3081,216,0.15384615384615385,0.0697522816166884,2.4248088360237894,0.5340456428889229,11.00972916744117,未校正,Woolf,0.23018177947230556,0.23018177947230556,1.0,0.45566597160844163,27,27,True,
stage,56,14,148,202,2717,162,14,3081,216,0.08641975308641975,0.06920178143199726,1.2723441263045223,0.7221585575139485,2.2416954821038035,未校正,Woolf,0.2421111105324253,0.4269908448954275,1.0,0.47443995397263133,28,28,True,
stage,12,13,138,203,2727,151,13,3081,216,0.08609271523178808,0.06928327645051195,1.2654744056543157,0.7041365906762183,2.2743108262960927,未校正,Woolf,0.2574289650784543,0.4131785042906623,1.0,0.4994121922522014,29,29,True,
stage,26,8,79,208,2786,87,8,3081,216,0.09195402298850575,0.06947227788911156,1.3563777994157742,0.6466854446068201,2.8449082163377573,未校正,Woolf,0.26306145807186704,0.39256417608716426,1.0,0.5052863650093288,30,30,True,
stage,42,6,56,210,2809,62,6,3081,216,0.0967741935483871,0.06955945677376615,1.4331632653061224,0.6104013868736108,3.3649283720389023,未校正,Woolf,0.265712217373317,0.4441195542520984,1.0,0.5053742173570932,31,31,True,
stage,10,3,23,213,2842,26,3,3081,216,0.11538461538461539,0.06972176759410802,1.7403551745254133,0.5183708675363807,5.842990652411249,未校正,Woolf,0.2733040642055133,0.4231974124295126,1.0,0.5112334591823521,32,32,True,
recipe_step_x_stage,0|9,12,128,204,2737,140,12,3081,216,0.08571428571428572,0.06936416184971098,1.2578125,0.6844060524761855,2.3116281327908044,未校正,Woolf,0.2740632977060032,0.49553147152859917,1.0,0.5112334591823521,57,57,True,
recipe_step_x_stage,0|8,12,129,204,2736,141,12,3081,216,0.0851063829787234,0.06938775510204082,1.2476060191518468,0.6789819626098123,2.292433178992116,未校正,Woolf,0.28229230076833023,0.49705716945542633,1.0,0.51328760776582,58,58,True,
recipe_step_x_stage,0|6,12,130,204,2735,142,12,3081,216,0.08450704225352113,0.06941136440966315,1.237556561085973,0.6736393087916379,2.2735404865761164,未校正,Woolf,0.2905982973258839,0.49880870977730085,1.0,0.51328760776582,59,59,True,
recipe_step_x_stage,0|7,12,130,204,2735,142,12,3081,216,0.08450704225352113,0.06941136440966315,1.237556561085973,0.6736393087916379,2.2735404865761164,未校正,Woolf,0.2905982973258839,0.49880870977730085,1.0,0.51328760776582,60,60,True,
recipe,0,12,131,204,2734,143,12,3081,216,0.08391608391608392,0.06943498978897208,1.2276605298607992,0.6683762703453094,2.254942976655119,未校正,Woolf,0.29897680246153435,0.5007808251441899,1.0,0.51328760776582,8,8,True,
recipe_step_x_stage,0|2,12,131,204,2734,143,12,3081,216,0.08391608391608392,0.06943498978897208,1.2276605298607992,0.6683762703453094,2.254942976655119,未校正,Woolf,0.29897680246153435,0.5007808251441899,1.0,0.51328760776582,61,61,True,
recipe_step_x_stage,0|4,12,131,204,2734,143,12,3081,216,0.08391608391608392,0.06943498978897208,1.2276605298607992,0.6683762703453094,2.254942976655119,未校正,Woolf,0.29897680246153435,0.5007808251441899,1.0,0.51328760776582,62,62,True,
recipe_step_x_stage,0|3,12,131,204,2734,143,12,3081,216,0.08391608391608392,0.06943498978897208,1.2276605298607992,0.6683762703453094,2.254942976655119,未校正,Woolf,0.29897680246153435,0.5007808251441899,1.0,0.51328760776582,63,63,True,
recipe_step_x_stage,0|5,12,131,204,2734,143,12,3081,216,0.08391608391608392,0.06943498978897208,1.2276605298607992,0.6683762703453094,2.254942976655119,未校正,Woolf,0.29897680246153435,0.5007808251441899,1.0,0.51328760776582,64,64,True,
recipe_step_x_stage,0|1,12,131,204,2734,143,12,3081,216,0.08391608391608392,0.06943498978897208,1.2276605298607992,0.6683762703453094,2.254942976655119,未校正,Woolf,0.29897680246153435,0.5007808251441899,1.0,0.51328760776582,65,65,True,
stage,62,8,85,208,2780,93,8,3081,216,0.08602150537634409,0.06961178045515395,1.257918552036199,0.6011348255961281,2.632286495775166,未校正,Woolf,0.32619710427190274,0.533317259683981,1.0,0.5551073528837643,33,33,True,
stage,201,3,26,213,2839,29,3,3081,216,0.10344827586206896,0.06979030144167758,1.537919826652221,0.46174557718720866,5.1222957188197595,未校正,Woolf,0.3324470377314088,0.45273230251767443,1.0,0.5608236984338548,34,34,True,
stage,60,8,87,208,2778,95,8,3081,216,0.08421052631578947,0.06965840589417281,1.2281167108753315,0.587305935750306,2.568117506941878,未校正,Woolf,0.3478673528569951,0.5397928699877212,1.0,0.5817781590884228,35,35,True,
stage,38,3,27,213,2838,30,3,3081,216,0.1,0.06981317600786627,1.4804381846635368,0.4455000796204954,4.919633730429165,未校正,Woolf,0.3521979968632131,0.4639702809178663,1.0,0.5839864221492594,36,36,True,
stage,15,8,88,208,2777,96,8,3081,216,0.08333333333333333,0.06968174204355108,1.2137237762237763,0.5806202710394073,2.537158067757026,未校正,Woolf,0.35877790574348295,0.543442322540794,1.0,0.5898552009680992,37,37,True,
stage,113,1,6,215,2859,7,1,3081,216,0.14285714285714285,0.06994144437215355,2.2162790697674417,0.2656154218079363,18.49249897335018,未校正,Woolf,0.39909336831573217,0.39909336831573217,1.0,0.6506228021281684,38,38,True,
stage,8,5,55,211,2810,60,5,3081,216,0.08333333333333333,0.06984442237669646,1.2106850495476087,0.4795343655283471,3.0566282514145464,未校正,Woolf,0.41309177089450666,0.6092075907846207,1.0,0.6678316962794525,39,39,True,
stage,83,1,7,215,2858,8,1,3081,216,0.125,0.06996420436055971,1.8990033222591363,0.23257561842866875,15.505553171547374,未校正,Woolf,0.44131712642756515,0.44131712642756515,1.0,0.7022239575950044,40,40,True,
stage,91,3,32,213,2833,35,3,3081,216,0.08571428571428572,0.06992777413000656,1.246919014084507,0.37873086794002936,4.105308437472482,未校正,Woolf,0.44910132258846597,0.7332183845695498,1.0,0.7022239575950044,41,41,True,
recipe,9,2,20,214,2845,22,2,3081,216,0.09090909090909091,0.06995750245178163,1.3294392523364487,0.3086908062439143,5.725498427239728,未校正,Woolf,0.463323023567838,0.6642589531333747,1.0,0.7022239575950044,9,9,True,
recipe_step_x_stage,9|4,2,20,214,2845,22,2,3081,216,0.09090909090909091,0.06995750245178163,1.3294392523364487,0.3086908062439143,5.725498427239728,未校正,Woolf,0.463323023567838,0.6642589531333747,1.0,0.7022239575950044,66,66,True,
recipe_step_x_stage,9|3,2,20,214,2845,22,2,3081,216,0.09090909090909091,0.06995750245178163,1.3294392523364487,0.3086908062439143,5.725498427239728,未校正,Woolf,0.463323023567838,0.6642589531333747,1.0,0.7022239575950044,67,67,True,
recipe_step_x_stage,9|2,2,20,214,2845,22,2,3081,216,0.09090909090909091,0.06995750245178163,1.3294392523364487,0.3086908062439143,5.725498427239728,未校正,Woolf,0.463323023567838,0.6642589531333747,1.0,0.7022239575950044,68,68,True,
recipe_step_x_stage,9|1,2,20,214,2845,22,2,3081,216,0.09090909090909091,0.06995750245178163,1.3294392523364487,0.3086908062439143,5.725498427239728,未校正,Woolf,0.463323023567838,0.6642589531333747,1.0,0.7022239575950044,69,69,True,
recipe_step_x_stage,9|5,2,20,214,2845,22,2,3081,216,0.09090909090909091,0.06995750245178163,1.3294392523364487,0.3086908062439143,5.725498427239728,未校正,Woolf,0.463323023567838,0.6642589531333747,1.0,0.7022239575950044,70,70,True,
stage,65,1,8,215,2857,9,1,3081,216,0.1111111111111111,0.06998697916666667,1.661046511627907,0.2067957781500326,13.342030182983226,未校正,Woolf,0.480586732900044,0.480586732900044,1.0,0.7227428386248724,42,42,True,
stage,252,3,34,213,2831,37,3,3081,216,0.08108108108108109,0.06997371879106438,1.1727423363711682,0.35725911031067104,3.849655747956518,未校正,Woolf,0.48630169970247716,0.7418755855358733,1.0,0.7257117672483121,43,43,True,
stage,17,8,102,208,2763,110,8,3081,216,0.07272727272727272,0.07001009761023225,1.0418552036199096,0.5004342325945431,2.169040794196299,未校正,Woolf,0.5116137715530178,0.8492396046853256,1.0,0.7576570357350034,44,44,True,
recipe_step_x_stage,8|13,5,69,211,2796,74,5,3081,216,0.06756756756756757,0.07016960425673428,0.9602307850813929,0.3832649860606341,2.4057589243807347,未校正,Woolf,0.6015197660375993,1.0,1.0,0.8384130686765997,71,71,True,
recipe_step_x_stage,8|12,5,69,211,2796,74,5,3081,216,0.06756756756756757,0.07016960425673428,0.9602307850813929,0.3832649860606341,2.4057589243807347,未校正,Woolf,0.6015197660375993,1.0,1.0,0.8384130686765997,72,72,True,
stage,21,8,111,208,2754,119,8,3081,216,0.06722689075630252,0.07022282241728561,0.9542619542619543,0.45931588343436275,1.982548198732111,未校正,Woolf,0.6037565672626327,1.0,1.0,0.8384130686765997,45,45,True,
recipe_step_x_stage,8|9,5,70,211,2795,75,5,3081,216,0.06666666666666667,0.07019294743845642,0.9461746784021665,0.3778181426795154,2.3695170266316112,未校正,Woolf,0.6136837925364802,1.0,1.0,0.8384130686765997,73,73,True,
recipe_step_x_stage,8|10,5,70,211,2795,75,5,3081,216,0.06666666666666667,0.07019294743845642,0.9461746784021665,0.3778181426795154,2.3695170266316112,未校正,Woolf,0.6136837925364802,1.0,1.0,0.8384130686765997,74,74,True,
recipe_step_x_stage,8|4,5,70,211,2795,75,5,3081,216,0.06666666666666667,0.07019294743845642,0.9461746784021665,0.3778181426795154,2.3695170266316112,未校正,Woolf,0.6136837925364802,1.0,1.0,0.8384130686765997,75,75,True,
recipe_step_x_stage,8|8,5,70,211,2795,75,5,3081,216,0.06666666666666667,0.07019294743845642,0.9461746784021665,0.3778181426795154,2.3695170266316112,未校正,Woolf,0.6136837925364802,1.0,1.0,0.8384130686765997,76,76,True,
recipe_step_x_stage,8|7,5,70,211,2795,75,5,3081,216,0.06666666666666667,0.07019294743845642,0.9461746784021665,0.3778181426795154,2.3695170266316112,未校正,Woolf,0.6136837925364802,1.0,1.0,0.8384130686765997,77,77,True,
recipe_step_x_stage,8|11,5,70,211,2795,75,5,3081,216,0.06666666666666667,0.07019294743845642,0.9461746784021665,0.3778181426795154,2.3695170266316112,未校正,Woolf,0.6136837925364802,1.0,1.0,0.8384130686765997,78,78,True,
recipe_step_x_stage,8|5,5,70,211,2795,75,5,3081,216,0.06666666666666667,0.07019294743845642,0.9461746784021665,0.3778181426795154,2.3695170266316112,未校正,Woolf,0.6136837925364802,1.0,1.0,0.8384130686765997,79,79,True,
recipe_step_x_stage,8|6,5,70,211,2795,75,5,3081,216,0.06666666666666667,0.07019294743845642,0.9461746784021665,0.3778181426795154,2.3695170266316112,未校正,Woolf,0.6136837925364802,1.0,1.0,0.8384130686765997,80,80,True,
stage,77,4,57,212,2808,61,4,3081,216,0.06557377049180328,0.07019867549668875,0.929493545183714,0.33404946042090794,2.5863183537239873,未校正,Woolf,0.6292957534618334,1.0,1.0,0.8411375625611947,46,46,True,
recipe,8,5,72,211,2793,77,5,3081,216,0.06493506493506493,0.07023968042609853,0.9192338072669827,0.3673651757163875,2.300138522315736,未校正,Woolf,0.6373568128685341,1.0,1.0,0.8411375625611947,10,10,True,
recipe_step_x_stage,8|3,5,72,211,2793,77,5,3081,216,0.06493506493506493,0.07023968042609853,0.9192338072669827,0.3673651757163875,2.300138522315736,未校正,Woolf,0.6373568128685341,1.0,1.0,0.8411375625611947,81,81,True,
recipe_step_x_stage,8|2,5,72,211,2793,77,5,3081,216,0.06493506493506493,0.07023968042609853,0.9192338072669827,0.3673651757163875,2.300138522315736,未校正,Woolf,0.6373568128685341,1.0,1.0,0.8411375625611947,82,82,True,
recipe_step_x_stage,8|1,5,72,211,2793,77,5,3081,216,0.06493506493506493,0.07023968042609853,0.9192338072669827,0.3673651757163875,2.300138522315736,未校正,Woolf,0.6373568128685341,1.0,1.0,0.8411375625611947,83,83,True,
stage,126,8,117,208,2748,125,8,3081,216,0.064,0.07036535859269283,0.903353057199211,0.4353393870450974,1.8745070403350057,未校正,Woolf,0.6600706565598279,1.0,1.0,0.8652277525176121,47,47,True,
stage,115,1,17,215,2848,18,1,3081,216,0.05555555555555555,0.0701926216127979,0.7792065663474692,0.10320646077729063,5.882992871436708,未校正,Woolf,0.7307471469165602,1.0,1.0,0.9514425939718972,48,48,True,
stage,0,5,82,211,2783,87,5,3081,216,0.05747126436781609,0.0704742818971276,0.8042422841290024,0.3225530593698335,2.005269002392005,未校正,Woolf,0.741726460044443,0.8313353626823468,1.0,0.9592995549908129,49,49,True,
stage,253,2,36,214,2829,38,2,3081,216,0.05263157894736842,0.07032533683864607,0.7344236760124611,0.17564080644944077,3.070915846898708,未校正,Woolf,0.7577582081478563,1.0,1.0,0.973029022959812,50,50,True,
stage,31,4,69,212,2796,73,4,3081,216,0.0547945205479452,0.07047872340425532,0.7645611156685808,0.2763563136791016,2.115217458976366,未校正,Woolf,0.7647276916808046,0.8163443088887652,1.0,0.973029022959812,51,51,True,
stage,250,1,19,215,2846,20,1,3081,216,0.05,0.07023848415550474,0.6966952264381885,0.09282303512109319,5.229135611742776,未校正,Woolf,0.7673888686229445,1.0,1.0,0.973029022959812,52,52,True,
stage,14,9,149,207,2716,158,9,3081,216,0.056962025316455694,0.07081765309613411,0.7925299095418734,0.39853043677662703,1.5760494044034505,未校正,Woolf,0.7914450003028534,0.6311708328226504,1.0,0.9749190720607246,53,53,True,
stage,96,1,22,215,2843,23,1,3081,216,0.043478260869565216,0.07030739045127535,0.6010570824524313,0.08063130886736775,4.480512860835353,未校正,Woolf,0.8132524198278469,1.0,1.0,0.9749190720607246,54,54,True,
stage,11,1,24,215,2841,25,1,3081,216,0.04,0.07035340314136125,0.5505813953488372,0.07412825379634314,4.08939719175237,未校正,Woolf,0.8387063126173051,1.0,1.0,0.9749190720607246,55,55,True,
recipe,13,2,44,214,2821,46,2,3081,216,0.043478260869565216,0.07051070840197693,0.5991928632115548,0.14427683071477732,2.4884944141407996,未校正,Woolf,0.8443076822702632,0.7687028222066904,1.0,0.9749190720607246,11,11,True,
recipe_step_x_stage,13|3,2,44,214,2821,46,2,3081,216,0.043478260869565216,0.07051070840197693,0.5991928632115548,0.14427683071477732,2.4884944141407996,未校正,Woolf,0.8443076822702632,0.7687028222066904,1.0,0.9749190720607246,84,84,True,
recipe_step_x_stage,13|5,2,44,214,2821,46,2,3081,216,0.043478260869565216,0.07051070840197693,0.5991928632115548,0.14427683071477732,2.4884944141407996,未校正,Woolf,0.8443076822702632,0.7687028222066904,1.0,0.9749190720607246,85,85,True,
recipe_step_x_stage,13|8,2,44,214,2821,46,2,3081,216,0.043478260869565216,0.07051070840197693,0.5991928632115548,0.14427683071477732,2.4884944141407996,未校正,Woolf,0.8443076822702632,0.7687028222066904,1.0,0.9749190720607246,86,86,True,
recipe_step_x_stage,13|1,2,44,214,2821,46,2,3081,216,0.043478260869565216,0.07051070840197693,0.5991928632115548,0.14427683071477732,2.4884944141407996,未校正,Woolf,0.8443076822702632,0.7687028222066904,1.0,0.9749190720607246,87,87,True,
recipe_step_x_stage,13|9,2,44,214,2821,46,2,3081,216,0.043478260869565216,0.07051070840197693,0.5991928632115548,0.14427683071477732,2.4884944141407996,未校正,Woolf,0.8443076822702632,0.7687028222066904,1.0,0.9749190720607246,88,88,True,
recipe_step_x_stage,13|6,2,44,214,2821,46,2,3081,216,0.043478260869565216,0.07051070840197693,0.5991928632115548,0.14427683071477732,2.4884944141407996,未校正,Woolf,0.8443076822702632,0.7687028222066904,1.0,0.9749190720607246,89,89,True,
recipe_step_x_stage,13|2,2,44,214,2821,46,2,3081,216,0.043478260869565216,0.07051070840197693,0.5991928632115548,0.14427683071477732,2.4884944141407996,未校正,Woolf,0.8443076822702632,0.7687028222066904,1.0,0.9749190720607246,90,90,True,
recipe_step_x_stage,13|4,2,44,214,2821,46,2,3081,216,0.043478260869565216,0.07051070840197693,0.5991928632115548,0.14427683071477732,2.4884944141407996,未校正,Woolf,0.8443076822702632,0.7687028222066904,1.0,0.9749190720607246,91,91,True,
recipe_step_x_stage,13|7,2,44,214,2821,46,2,3081,216,0.043478260869565216,0.07051070840197693,0.5991928632115548,0.14427683071477732,2.4884944141407996,未校正,Woolf,0.8443076822702632,0.7687028222066904,1.0,0.9749190720607246,92,92,True,
stage,89,1,25,215,2840,26,1,3081,216,0.038461538461538464,0.07037643207855974,0.5283720930232558,0.07125177270922532,3.918177163466274,未校正,Woolf,0.8501066517787511,1.0,1.0,0.9749190720607246,56,56,True,
recipe_step_x_stage,216|6,1,25,215,2840,26,1,3081,216,0.038461538461538464,0.07037643207855974,0.5283720930232558,0.07125177270922532,3.918177163466274,未校正,Woolf,0.8501066517787511,1.0,1.0,0.9749190720607246,93,93,True,
recipe_step_x_stage,216|7,1,25,215,2840,26,1,3081,216,0.038461538461538464,0.07037643207855974,0.5283720930232558,0.07125177270922532,3.918177163466274,未校正,Woolf,0.8501066517787511,1.0,1.0,0.9749190720607246,94,94,True,
stage,33,10,176,206,2689,186,10,3081,216,0.053763440860215055,0.07115716753022452,0.7416703442188879,0.3861325603052348,1.4245752781348813,未校正,Woolf,0.8543105270635216,0.45848149736886185,1.0,0.9749190720607246,57,57,True,
recipe_step,4,216,2863,0,2,3079,216,3081,216,0.07015264696329977,0.0,0.3780338746289506,0.018092175343371254,7.8989733215988025,haldane-anscombe +0.5（有 0 格）,Woolf（含 +0.5 校正）,0.8646796241751683,1.0,1.0,0.9752781807557132,9,9,True,
recipe_step,5,216,2863,0,2,3079,216,3081,216,0.07015264696329977,0.0,0.3780338746289506,0.018092175343371254,7.8989733215988025,haldane-anscombe +0.5（有 0 格）,Woolf（含 +0.5 校正）,0.8646796241751683,1.0,1.0,0.9752781807557132,10,10,True,
stage,37,1,30,215,2835,31,1,3081,216,0.03225806451612903,0.07049180327868852,0.43953488372093025,0.059652534886714084,3.2386035962169895,未校正,Woolf,0.8961407980044129,0.7210471161359375,1.0,0.975715701575538,58,58,True,
stage,52,3,71,213,2794,74,3,3081,216,0.04054054054054054,0.0708347189890256,0.5542551081134696,0.1731242377183245,1.7744408808296988,未校正,Woolf,0.9016033634429165,0.48543071991400233,1.0,0.975715701575538,59,59,True,
recipe_step_x_stage,216|5,2,52,214,2813,54,2,3081,216,0.037037037037037035,0.07069705979517674,0.5055715312724659,0.12231051939245101,2.0897840553930456,未校正,Woolf,0.9019113958310503,0.5854189084544815,1.0,0.975715701575538,95,95,True,
recipe,216,2,53,214,2812,55,2,3081,216,0.03636363636363636,0.07072042300066093,0.49585611003350377,0.12001902966219627,2.0486191443939292,未校正,Woolf,0.9075250225411886,0.43152839246110597,1.0,0.975715701575538,12,12,True,
recipe_step_x_stage,216|4,2,53,214,2812,55,2,3081,216,0.03636363636363636,0.07072042300066093,0.49585611003350377,0.12001902966219627,2.0486191443939292,未校正,Woolf,0.9075250225411886,0.43152839246110597,1.0,0.975715701575538,96,96,True,
recipe_step_x_stage,216|3,2,53,214,2812,55,2,3081,216,0.03636363636363636,0.07072042300066093,0.49585611003350377,0.12001902966219627,2.0486191443939292,未校正,Woolf,0.9075250225411886,0.43152839246110597,1.0,0.975715701575538,97,97,True,
recipe_step_x_stage,216|1,2,53,214,2812,55,2,3081,216,0.03636363636363636,0.07072042300066093,0.49585611003350377,0.12001902966219627,2.0486191443939292,未校正,Woolf,0.9075250225411886,0.43152839246110597,1.0,0.975715701575538,98,98,True,
recipe_step_x_stage,216|2,2,53,214,2812,55,2,3081,216,0.03636363636363636,0.07072042300066093,0.49585611003350377,0.12001902966219627,2.0486191443939292,未校正,Woolf,0.9075250225411886,0.43152839246110597,1.0,0.975715701575538,99,99,True,
stage,198,1,32,215,2833,33,1,3081,216,0.030303030303030304,0.07053805774278216,0.41177325581395346,0.05599692378874084,3.027973730187586,未校正,Woolf,0.9103326906452185,0.7261493026026851,1.0,0.975715701575538,60,60,True,
stage,43,4,99,212,2766,103,4,3081,216,0.038834951456310676,0.07118871725990597,0.52715837621498,0.19213651084773742,1.4463464147833867,未校正,Woolf,0.938952021845999,0.3218622809581556,1.0,1.0,61,61,True,
recipe,3,104,1571,112,1294,1675,104,3081,216,0.06208955223880597,0.07965860597439545,0.7648449577157407,0.5798771321501222,1.0088133794380219,未校正,Woolf,0.9755831102018333,0.0653313426653746,1.0,1.0,13,13,True,
recipe_step_x_stage,3|1,104,1571,112,1294,1675,104,3081,216,0.06208955223880597,0.07965860597439545,0.7648449577157407,0.5798771321501222,1.0088133794380219,未校正,Woolf,0.9755831102018333,0.0653313426653746,1.0,1.0,100,100,True,
recipe_step_x_stage,3|4,104,1571,112,1294,1675,104,3081,216,0.06208955223880597,0.07965860597439545,0.7648449577157407,0.5798771321501222,1.0088133794380219,未校正,Woolf,0.9755831102018333,0.0653313426653746,1.0,1.0,101,101,True,
recipe_step_x_stage,3|3,104,1571,112,1294,1675,104,3081,216,0.06208955223880597,0.07965860597439545,0.7648449577157407,0.5798771321501222,1.0088133794380219,未校正,Woolf,0.9755831102018333,0.0653313426653746,1.0,1.0,102,102,True,
recipe_step_x_stage,3|2,104,1571,112,1294,1675,104,3081,216,0.06208955223880597,0.07965860597439545,0.7648449577157407,0.5798771321501222,1.0088133794380219,未校正,Woolf,0.9755831102018333,0.0653313426653746,1.0,1.0,103,103,True,
recipe_step_x_stage,3|5,103,1570,113,1295,1673,103,3081,216,0.06156604901374776,0.08025568181818182,0.7518460064257934,0.5699658714197292,0.9917653770573593,未校正,Woolf,0.9817484011915099,0.04725407770455541,1.0,1.0,104,104,True,
stage,5,1,58,215,2807,59,1,3081,216,0.01694915254237288,0.07114493712772998,0.22510024057738573,0.031028258601289053,1.6330313266723855,未校正,Woolf,0.9868442061556515,0.12403160999363992,1.0,1.0,62,62,True,
stage,28,3,194,213,2671,197,3,3081,216,0.015228426395939087,0.07385575589459084,0.19391607376216058,0.06147416550180905,0.6116950650143451,未校正,Woolf,0.9999473760618959,0.00046875821477443196,1.0,1.0,63,63,True,
tool,03M01,216,2865,0,0,3081,216,3081,216,0.07010710808179163,,0.07555400453673007,0.0014955383479681738,3.8169583610421136,haldane-anscombe +0.5（有 0 格）,Woolf（含 +0.5 校正）,1.0,1.0,1.0,1.0,1,1,True,
recipe_step,2,216,2865,0,0,3081,216,3081,216,0.07010710808179163,,0.07555400453673007,0.0014955383479681738,3.8169583610421136,haldane-anscombe +0.5（有 0 格）,Woolf（含 +0.5 校正）,1.0,1.0,1.0,1.0,11,11,True,
recipe_step,3,216,2865,0,0,3081,216,3081,216,0.07010710808179163,,0.07555400453673007,0.0014955383479681738,3.8169583610421136,haldane-anscombe +0.5（有 0 格）,Woolf（含 +0.5 校正）,1.0,1.0,1.0,1.0,12,12,True,
recipe_step,1,216,2865,0,0,3081,216,3081,216,0.07010710808179163,,0.07555400453673007,0.0014955383479681738,3.8169583610421136,haldane-anscombe +0.5（有 0 格）,Woolf（含 +0.5 校正）,1.0,1.0,1.0,1.0,13,13,True,
recipe_step_x_stage,215|6,4,0,212,2865,4,4,3081,216,1.0,0.06889827754306142,121.36235294117647,6.512463361281571,2261.6358656212474,haldane-anscombe +0.5（有 0 格）,Woolf（含 +0.5 校正）,2.3537745818458802e-05,2.3537745818458802e-05,,,105,,False,群組批次數 4 < 5
recipe_step_x_stage,215|7,4,0,212,2865,4,4,3081,216,1.0,0.06889827754306142,121.36235294117647,6.512463361281571,2261.6358656212474,haldane-anscombe +0.5（有 0 格）,Woolf（含 +0.5 校正）,2.3537745818458802e-05,2.3537745818458802e-05,,,106,,False,群組批次數 4 < 5
recipe_step_x_stage,215|9,2,0,214,2865,2,2,3081,216,1.0,0.06950308541734329,66.7948717948718,3.1966231388834587,1395.7087539733338,haldane-anscombe +0.5（有 0 格）,Woolf（含 +0.5 校正）,0.004893840336874736,0.004893840336874736,,,107,,False,群組批次數 2 < 5
recipe_step_x_stage,215|8,2,0,214,2865,2,2,3081,216,1.0,0.06950308541734329,66.7948717948718,3.1966231388834587,1395.7087539733338,haldane-anscombe +0.5（有 0 格）,Woolf（含 +0.5 校正）,0.004893840336874736,0.004893840336874736,,,108,,False,群組批次數 2 < 5
recipe_step,0,2,1,214,2864,3,2,3081,216,0.6666666666666666,0.06952566601689408,26.766355140186917,2.4173570152430583,296.37234507480275,未校正,Woolf,0.014001247004746673,0.014001247004746675,,,14,,False,群組批次數 3 < 5
stage,107,2,1,214,2864,3,2,3081,216,0.6666666666666666,0.06952566601689408,26.766355140186917,2.4173570152430583,296.37234507480275,未校正,Woolf,0.014001247004746673,0.014001247004746675,,,64,,False,群組批次數 3 < 5
recipe_step_x_stage,217|8,1,0,215,2865,1,1,3081,216,1.0,0.0698051948051948,39.890951276102086,1.6201989440222506,982.1559257172909,haldane-anscombe +0.5（有 0 格）,Woolf（含 +0.5 校正）,0.07010710808217996,0.07010710808217996,,,109,,False,群組批次數 1 < 5
recipe_step_x_stage,217|0,1,0,215,2865,1,1,3081,216,1.0,0.0698051948051948,39.890951276102086,1.6201989440222506,982.1559257172909,haldane-anscombe +0.5（有 0 格）,Woolf（含 +0.5 校正）,0.07010710808217996,0.07010710808217996,,,110,,False,群組批次數 1 < 5
recipe_step_x_stage,217|9,1,0,215,2865,1,1,3081,216,1.0,0.0698051948051948,39.890951276102086,1.6201989440222506,982.1559257172909,haldane-anscombe +0.5（有 0 格）,Woolf（含 +0.5 校正）,0.07010710808217996,0.07010710808217996,,,111,,False,群組批次數 1 < 5
stage,139,1,0,215,2865,1,1,3081,216,1.0,0.0698051948051948,39.890951276102086,1.6201989440222506,982.1559257172909,haldane-anscombe +0.5（有 0 格）,Woolf（含 +0.5 校正）,0.07010710808217996,0.07010710808217996,,,65,,False,群組批次數 1 < 5
recipe_step_x_stage,215|0,1,0,215,2865,1,1,3081,216,1.0,0.0698051948051948,39.890951276102086,1.6201989440222506,982.1559257172909,haldane-anscombe +0.5（有 0 格）,Woolf（含 +0.5 校正）,0.07010710808217996,0.07010710808217996,,,112,,False,群組批次數 1 < 5
recipe_step_x_stage,215|10,1,0,215,2865,1,1,3081,216,1.0,0.0698051948051948,39.890951276102086,1.6201989440222506,982.1559257172909,haldane-anscombe +0.5（有 0 格）,Woolf（含 +0.5 校正）,0.07010710808217996,0.07010710808217996,,,113,,False,群組批次數 1 < 5
recipe,242,1,0,215,2865,1,1,3081,216,1.0,0.0698051948051948,39.890951276102086,1.6201989440222506,982.1559257172909,haldane-anscombe +0.5（有 0 格）,Woolf（含 +0.5 校正）,0.07010710808217996,0.07010710808217996,,,14,,False,群組批次數 1 < 5
recipe_step_x_stage,242|4,1,0,215,2865,1,1,3081,216,1.0,0.0698051948051948,39.890951276102086,1.6201989440222506,982.1559257172909,haldane-anscombe +0.5（有 0 格）,Woolf（含 +0.5 校正）,0.07010710808217996,0.07010710808217996,,,114,,False,群組批次數 1 < 5
recipe_step_x_stage,242|3,1,0,215,2865,1,1,3081,216,1.0,0.0698051948051948,39.890951276102086,1.6201989440222506,982.1559257172909,haldane-anscombe +0.5（有 0 格）,Woolf（含 +0.5 校正）,0.07010710808217996,0.07010710808217996,,,115,,False,群組批次數 1 < 5
recipe_step_x_stage,242|2,1,0,215,2865,1,1,3081,216,1.0,0.0698051948051948,39.890951276102086,1.6201989440222506,982.1559257172909,haldane-anscombe +0.5（有 0 格）,Woolf（含 +0.5 校正）,0.07010710808217996,0.07010710808217996,,,116,,False,群組批次數 1 < 5
recipe_step_x_stage,242|1,1,0,215,2865,1,1,3081,216,1.0,0.0698051948051948,39.890951276102086,1.6201989440222506,982.1559257172909,haldane-anscombe +0.5（有 0 格）,Woolf（含 +0.5 校正）,0.07010710808217996,0.07010710808217996,,,117,,False,群組批次數 1 < 5
recipe_step_x_stage,242|5,1,0,215,2865,1,1,3081,216,1.0,0.0698051948051948,39.890951276102086,1.6201989440222506,982.1559257172909,haldane-anscombe +0.5（有 0 格）,Woolf（含 +0.5 校正）,0.07010710808217996,0.07010710808217996,,,118,,False,群組批次數 1 < 5
stage,112,1,0,215,2865,1,1,3081,216,1.0,0.0698051948051948,39.890951276102086,1.6201989440222506,982.1559257172909,haldane-anscombe +0.5（有 0 格）,Woolf（含 +0.5 校正）,0.07010710808217996,0.07010710808217996,,,66,,False,群組批次數 1 < 5
stage,108,1,1,215,2864,2,1,3081,216,0.5,0.06982786619032154,13.320930232558139,0.8303284176285043,213.7072253500453,未校正,Woolf,0.13532037582645198,0.13532037582645198,,,67,,False,群組批次數 2 < 5
recipe,64,1,1,215,2864,2,1,3081,216,0.5,0.06982786619032154,13.320930232558139,0.8303284176285043,213.7072253500453,未校正,Woolf,0.13532037582645198,0.13532037582645198,,,15,,False,群組批次數 2 < 5
recipe_step_x_stage,64|4,1,1,215,2864,2,1,3081,216,0.5,0.06982786619032154,13.320930232558139,0.8303284176285043,213.7072253500453,未校正,Woolf,0.13532037582645198,0.13532037582645198,,,119,,False,群組批次數 2 < 5
recipe_step_x_stage,64|3,1,1,215,2864,2,1,3081,216,0.5,0.06982786619032154,13.320930232558139,0.8303284176285043,213.7072253500453,未校正,Woolf,0.13532037582645198,0.13532037582645198,,,120,,False,群組批次數 2 < 5
recipe_step_x_stage,64|2,1,1,215,2864,2,1,3081,216,0.5,0.06982786619032154,13.320930232558139,0.8303284176285043,213.7072253500453,未校正,Woolf,0.13532037582645198,0.13532037582645198,,,121,,False,群組批次數 2 < 5
recipe_step_x_stage,64|1,1,1,215,2864,2,1,3081,216,0.5,0.06982786619032154,13.320930232558139,0.8303284176285043,213.7072253500453,未校正,Woolf,0.13532037582645198,0.13532037582645198,,,122,,False,群組批次數 2 < 5
recipe_step_x_stage,64|5,1,1,215,2864,2,1,3081,216,0.5,0.06982786619032154,13.320930232558139,0.8303284176285043,213.7072253500453,未校正,Woolf,0.13532037582645198,0.13532037582645198,,,123,,False,群組批次數 2 < 5
recipe_step_x_stage,217|7,1,2,215,2863,3,1,3081,216,0.3333333333333333,0.06985055230669265,6.658139534883721,0.6013287242108064,73.72144433007436,未校正,Woolf,0.1959799402386587,0.1959799402386587,,,124,,False,群組批次數 3 < 5
recipe_step_x_stage,217|6,1,2,215,2863,3,1,3081,216,0.3333333333333333,0.06985055230669265,6.658139534883721,0.6013287242108064,73.72144433007436,未校正,Woolf,0.1959799402386587,0.1959799402386587,,,125,,False,群組批次數 3 < 5
stage,153,1,2,215,2863,3,1,3081,216,0.3333333333333333,0.06985055230669265,6.658139534883721,0.6013287242108064,73.72144433007436,未校正,Woolf,0.1959799402386587,0.1959799402386587,,,68,,False,群組批次數 3 < 5
recipe_step_x_stage,3|11,1,3,215,2862,4,1,3081,216,0.25,0.06987325316867078,4.437209302325582,0.45960595130799087,42.83849314094459,未校正,Woolf,0.25240240057283836,0.2524024005728384,,,126,,False,群組批次數 4 < 5
recipe_step_x_stage,3|12,1,3,215,2862,4,1,3081,216,0.25,0.06987325316867078,4.437209302325582,0.45960595130799087,42.83849314094459,未校正,Woolf,0.25240240057283836,0.2524024005728384,,,127,,False,群組批次數 4 < 5
recipe_step_x_stage,3|13,1,3,215,2862,4,1,3081,216,0.25,0.06987325316867078,4.437209302325582,0.45960595130799087,42.83849314094459,未校正,Woolf,0.25240240057283836,0.2524024005728384,,,128,,False,群組批次數 4 < 5
stage,64,0,11,216,2854,11,0,3081,216,0.0,0.07035830618892508,0.0,0.03366740976133036,9.760653967031589,未校正,Woolf（含 +0.5 校正）,0.9999999999998196,0.9999999999998195,,,69,,False,群組內無壞批次
stage,13,0,12,216,2853,12,0,3081,216,0.0,0.07038123167155426,0.0,0.031109572768931965,8.934410200506484,未校正,Woolf（含 +0.5 校正）,0.9999999999998631,0.9999999999998631,,,70,,False,群組內無壞批次
stage,98,0,9,216,2856,9,0,3081,216,0.0,0.0703125,0.0,0.04028218691284973,11.971054643855917,未校正,Woolf（含 +0.5 校正）,0.9999999999999206,0.9999999999999208,,,71,,False,群組內無壞批次
stage,50,0,9,216,2856,9,0,3081,216,0.0,0.0703125,0.0,0.04028218691284973,11.971054643855917,未校正,Woolf（含 +0.5 校正）,0.9999999999999206,0.9999999999999208,,,72,,False,群組內無壞批次
stage,67,0,5,216,2860,5,0,3081,216,0.0,0.07022106631989597,0.0,0.0661991750452364,21.793659189177767,未校正,Woolf（含 +0.5 校正）,1.0,1.0,,,73,,False,群組內無壞批次
stage,109,0,10,216,2855,10,0,3081,216,0.0,0.07033539563660046,0.0,0.03668055358860429,10.75409965579337,未校正,Woolf（含 +0.5 校正）,1.0,1.0,,,74,,False,群組內無壞批次
stage,92,0,7,216,2858,7,0,3081,216,0.0,0.07026675341574495,0.0,0.050105177271691705,15.463061052673023,未校正,Woolf（含 +0.5 校正）,1.0,1.0,,,75,,False,群組內無壞批次
recipe,26,0,2,216,2863,2,0,3081,216,0.0,0.07015264696329977,0.0,0.12659873116239284,55.27251317329225,未校正,Woolf（含 +0.5 校正）,1.0,1.0,,,16,,False,群組批次數 2 < 5；群組內無壞批次
recipe_step_x_stage,26|4,0,2,216,2863,2,0,3081,216,0.0,0.07015264696329977,0.0,0.12659873116239284,55.27251317329225,未校正,Woolf（含 +0.5 校正）,1.0,1.0,,,129,,False,群組批次數 2 < 5；群組內無壞批次
recipe_step_x_stage,26|3,0,2,216,2863,2,0,3081,216,0.0,0.07015264696329977,0.0,0.12659873116239284,55.27251317329225,未校正,Woolf（含 +0.5 校正）,1.0,1.0,,,130,,False,群組批次數 2 < 5；群組內無壞批次
recipe_step_x_stage,26|5,0,2,216,2863,2,0,3081,216,0.0,0.07015264696329977,0.0,0.12659873116239284,55.27251317329225,未校正,Woolf（含 +0.5 校正）,1.0,1.0,,,131,,False,群組批次數 2 < 5；群組內無壞批次
recipe_step_x_stage,26|1,0,2,216,2863,2,0,3081,216,0.0,0.07015264696329977,0.0,0.12659873116239284,55.27251317329225,未校正,Woolf（含 +0.5 校正）,1.0,1.0,,,132,,False,群組批次數 2 < 5；群組內無壞批次
recipe_step_x_stage,26|2,0,2,216,2863,2,0,3081,216,0.0,0.07015264696329977,0.0,0.12659873116239284,55.27251317329225,未校正,Woolf（含 +0.5 校正）,1.0,1.0,,,133,,False,群組批次數 2 < 5；群組內無壞批次
recipe_step,14,0,3,216,2862,3,0,3081,216,0.0,0.07017543859649122,0.0,0.0972514148746917,36.684548715377716,未校正,Woolf（含 +0.5 校正）,1.0,1.0,,,15,,False,群組批次數 3 < 5；群組內無壞批次
recipe_step,17,0,2,216,2863,2,0,3081,216,0.0,0.07015264696329977,0.0,0.12659873116239284,55.27251317329225,未校正,Woolf（含 +0.5 校正）,1.0,1.0,,,16,,False,群組批次數 2 < 5；群組內無壞批次
recipe_step,16,0,2,216,2863,2,0,3081,216,0.0,0.07015264696329977,0.0,0.12659873116239284,55.27251317329225,未校正,Woolf（含 +0.5 校正）,1.0,1.0,,,17,,False,群組批次數 2 < 5；群組內無壞批次
recipe_step,15,0,3,216,2862,3,0,3081,216,0.0,0.07017543859649122,0.0,0.0972514148746917,36.684548715377716,未校正,Woolf（含 +0.5 校正）,1.0,1.0,,,18,,False,群組批次數 3 < 5；群組內無壞批次
recipe_step,18,0,2,216,2863,2,0,3081,216,0.0,0.07015264696329977,0.0,0.12659873116239284,55.27251317329225,未校正,Woolf（含 +0.5 校正）,1.0,1.0,,,19,,False,群組批次數 2 < 5；群組內無壞批次
recipe_step_x_stage,3|15,0,2,216,2863,2,0,3081,216,0.0,0.07015264696329977,0.0,0.12659873116239284,55.27251317329225,未校正,Woolf（含 +0.5 校正）,1.0,1.0,,,134,,False,群組批次數 2 < 5；群組內無壞批次
recipe_step_x_stage,3|14,0,2,216,2863,2,0,3081,216,0.0,0.07015264696329977,0.0,0.12659873116239284,55.27251317329225,未校正,Woolf（含 +0.5 校正）,1.0,1.0,,,135,,False,群組批次數 2 < 5；群組內無壞批次
recipe_step_x_stage,3|16,0,2,216,2863,2,0,3081,216,0.0,0.07015264696329977,0.0,0.12659873116239284,55.27251317329225,未校正,Woolf（含 +0.5 校正）,1.0,1.0,,,136,,False,群組批次數 2 < 5；群組內無壞批次
recipe_step_x_stage,3|17,0,2,216,2863,2,0,3081,216,0.0,0.07015264696329977,0.0,0.12659873116239284,55.27251317329225,未校正,Woolf（含 +0.5 校正）,1.0,1.0,,,137,,False,群組批次數 2 < 5；群組內無壞批次
recipe_step_x_stage,3|18,0,2,216,2863,2,0,3081,216,0.0,0.07015264696329977,0.0,0.12659873116239284,55.27251317329225,未校正,Woolf（含 +0.5 校正）,1.0,1.0,,,138,,False,群組批次數 2 < 5；群組內無壞批次
stage,272,0,1,216,2864,1,0,3081,216,0.0,0.07012987012987013,0.0,0.1791303490518982,108.58508363484256,未校正,Woolf（含 +0.5 校正）,1.0,1.0,,,76,,False,群組批次數 1 < 5；群組內無壞批次
recipe,245,0,1,216,2864,1,0,3081,216,0.0,0.07012987012987013,0.0,0.1791303490518982,108.58508363484256,未校正,Woolf（含 +0.5 校正）,1.0,1.0,,,17,,False,群組批次數 1 < 5；群組內無壞批次
recipe_step_x_stage,245|4,0,1,216,2864,1,0,3081,216,0.0,0.07012987012987013,0.0,0.1791303490518982,108.58508363484256,未校正,Woolf（含 +0.5 校正）,1.0,1.0,,,139,,False,群組批次數 1 < 5；群組內無壞批次
recipe_step_x_stage,245|3,0,1,216,2864,1,0,3081,216,0.0,0.07012987012987013,0.0,0.1791303490518982,108.58508363484256,未校正,Woolf（含 +0.5 校正）,1.0,1.0,,,140,,False,群組批次數 1 < 5；群組內無壞批次
recipe_step_x_stage,245|2,0,1,216,2864,1,0,3081,216,0.0,0.07012987012987013,0.0,0.1791303490518982,108.58508363484256,未校正,Woolf（含 +0.5 校正）,1.0,1.0,,,141,,False,群組批次數 1 < 5；群組內無壞批次
recipe_step_x_stage,245|1,0,1,216,2864,1,0,3081,216,0.0,0.07012987012987013,0.0,0.1791303490518982,108.58508363484256,未校正,Woolf（含 +0.5 校正）,1.0,1.0,,,142,,False,群組批次數 1 < 5；群組內無壞批次
recipe_step_x_stage,245|5,0,1,216,2864,1,0,3081,216,0.0,0.07012987012987013,0.0,0.1791303490518982,108.58508363484256,未校正,Woolf（含 +0.5 校正）,1.0,1.0,,,143,,False,群組批次數 1 < 5；群組內無壞批次
stage,66,0,8,216,2857,8,0,3081,216,0.0,0.07028961926456231,0.0,0.044662892340923,13.496215049628903,未校正,Woolf（含 +0.5 校正）,1.0,1.0,,,77,,False,群組內無壞批次
stage,6,0,32,216,2833,32,0,3081,216,0.0,0.0708428993112496,0.0,0.012287476856547469,3.2994473790298238,未校正,Woolf（含 +0.5 校正）,1.0,0.165545976025925,,,78,,False,群組內無壞批次
stage,265,0,4,216,2861,4,0,3081,216,0.0,0.0701982450438739,0.0,0.07880963226971659,27.365751513646337,未校正,Woolf（含 +0.5 校正）,1.0,1.0,,,79,,False,群組批次數 4 < 5；群組內無壞批次
stage,266,0,1,216,2864,1,0,3081,216,0.0,0.07012987012987013,0.0,0.1791303490518982,108.58508363484256,未校正,Woolf（含 +0.5 校正）,1.0,1.0,,,80,,False,群組批次數 1 < 5；群組內無壞批次
stage,268,0,1,216,2864,1,0,3081,216,0.0,0.07012987012987013,0.0,0.1791303490518982,108.58508363484256,未校正,Woolf（含 +0.5 校正）,1.0,1.0,,,81,,False,群組批次數 1 < 5；群組內無壞批次
stage,61,0,13,216,2852,13,0,3081,216,0.0,0.07040417209908735,0.0,0.028911187874542468,8.236487441521637,未校正,Woolf（含 +0.5 校正）,1.0,1.0,,,82,,False,群組內無壞批次
recipe,12,0,1,216,2864,1,0,3081,216,0.0,0.07012987012987013,0.0,0.1791303490518982,108.58508363484256,未校正,Woolf（含 +0.5 校正）,1.0,1.0,,,18,,False,群組批次數 1 < 5；群組內無壞批次
recipe_step_x_stage,12|1,0,1,216,2864,1,0,3081,216,0.0,0.07012987012987013,0.0,0.1791303490518982,108.58508363484256,未校正,Woolf（含 +0.5 校正）,1.0,1.0,,,144,,False,群組批次數 1 < 5；群組內無壞批次
recipe_step_x_stage,12|4,0,1,216,2864,1,0,3081,216,0.0,0.07012987012987013,0.0,0.1791303490518982,108.58508363484256,未校正,Woolf（含 +0.5 校正）,1.0,1.0,,,145,,False,群組批次數 1 < 5；群組內無壞批次
recipe_step_x_stage,12|2,0,1,216,2864,1,0,3081,216,0.0,0.07012987012987013,0.0,0.1791303490518982,108.58508363484256,未校正,Woolf（含 +0.5 校正）,1.0,1.0,,,146,,False,群組批次數 1 < 5；群組內無壞批次
recipe_step_x_stage,12|3,0,1,216,2864,1,0,3081,216,0.0,0.07012987012987013,0.0,0.1791303490518982,108.58508363484256,未校正,Woolf（含 +0.5 校正）,1.0,1.0,,,147,,False,群組批次數 1 < 5；群組內無壞批次
recipe_step_x_stage,12|5,0,1,216,2864,1,0,3081,216,0.0,0.07012987012987013,0.0,0.1791303490518982,108.58508363484256,未校正,Woolf（含 +0.5 校正）,1.0,1.0,,,148,,False,群組批次數 1 < 5；群組內無壞批次
stage,118,0,6,216,2859,6,0,3081,216,0.0,0.0702439024390244,0.0,0.05704616310844459,18.09469455380386,未校正,Woolf（含 +0.5 校正）,1.0,1.0,,,83,,False,群組內無壞批次
stage,205,0,34,216,2831,34,0,3081,216,0.0,0.07088939940925501,0.0,0.011581170084277236,3.102177968918272,未校正,Woolf（含 +0.5 校正）,1.0,0.16862543576083056,,,84,,False,群組內無壞批次
stage,3,0,2,216,2863,2,0,3081,216,0.0,0.07015264696329977,0.0,0.12659873116239284,55.27251317329225,未校正,Woolf（含 +0.5 校正）,1.0,1.0,,,85,,False,群組批次數 2 < 5；群組內無壞批次
stage,93,0,4,216,2861,4,0,3081,216,0.0,0.0701982450438739,0.0,0.07880963226971659,27.365751513646337,未校正,Woolf（含 +0.5 校正）,1.0,1.0,,,86,,False,群組批次數 4 < 5；群組內無壞批次
stage,4,0,2,216,2863,2,0,3081,216,0.0,0.07015264696329977,0.0,0.12659873116239284,55.27251317329225,未校正,Woolf（含 +0.5 校正）,1.0,1.0,,,87,,False,群組批次數 2 < 5；群組內無壞批次
stage,135,0,8,216,2857,8,0,3081,216,0.0,0.07028961926456231,0.0,0.044662892340923,13.496215049628903,未校正,Woolf（含 +0.5 校正）,1.0,1.0,,,88,,False,群組內無壞批次
stage,125,0,6,216,2859,6,0,3081,216,0.0,0.0702439024390244,0.0,0.05704616310844459,18.09469455380386,未校正,Woolf（含 +0.5 校正）,1.0,1.0,,,89,,False,群組內無壞批次
stage,34,0,1,216,2864,1,0,3081,216,0.0,0.07012987012987013,0.0,0.1791303490518982,108.58508363484256,未校正,Woolf（含 +0.5 校正）,1.0,1.0,,,90,,False,群組批次數 1 < 5；群組內無壞批次
stage,40,0,17,216,2848,17,0,3081,216,0.0,0.07049608355091384,0.0,0.022529931211122515,6.2722114620628195,未校正,Woolf（含 +0.5 校正）,1.0,0.6266472855567266,,,91,,False,群組內無壞批次
stage,76,0,7,216,2858,7,0,3081,216,0.0,0.07026675341574495,0.0,0.050105177271691705,15.463061052673023,未校正,Woolf（含 +0.5 校正）,1.0,1.0,,,92,,False,群組內無壞批次
recipe,10,0,1,216,2864,1,0,3081,216,0.0,0.07012987012987013,0.0,0.1791303490518982,108.58508363484256,未校正,Woolf（含 +0.5 校正）,1.0,1.0,,,19,,False,群組批次數 1 < 5；群組內無壞批次
recipe_step_x_stage,10|4,0,1,216,2864,1,0,3081,216,0.0,0.07012987012987013,0.0,0.1791303490518982,108.58508363484256,未校正,Woolf（含 +0.5 校正）,1.0,1.0,,,149,,False,群組批次數 1 < 5；群組內無壞批次
recipe_step_x_stage,10|3,0,1,216,2864,1,0,3081,216,0.0,0.07012987012987013,0.0,0.1791303490518982,108.58508363484256,未校正,Woolf（含 +0.5 校正）,1.0,1.0,,,150,,False,群組批次數 1 < 5；群組內無壞批次
recipe_step_x_stage,10|1,0,1,216,2864,1,0,3081,216,0.0,0.07012987012987013,0.0,0.1791303490518982,108.58508363484256,未校正,Woolf（含 +0.5 校正）,1.0,1.0,,,151,,False,群組批次數 1 < 5；群組內無壞批次
recipe_step_x_stage,10|5,0,1,216,2864,1,0,3081,216,0.0,0.07012987012987013,0.0,0.1791303490518982,108.58508363484256,未校正,Woolf（含 +0.5 校正）,1.0,1.0,,,152,,False,群組批次數 1 < 5；群組內無壞批次
recipe_step_x_stage,10|2,0,1,216,2864,1,0,3081,216,0.0,0.07012987012987013,0.0,0.1791303490518982,108.58508363484256,未校正,Woolf（含 +0.5 校正）,1.0,1.0,,,153,,False,群組批次數 1 < 5；群組內無壞批次
stage,49,0,1,216,2864,1,0,3081,216,0.0,0.07012987012987013,0.0,0.1791303490518982,108.58508363484256,未校正,Woolf（含 +0.5 校正）,1.0,1.0,,,93,,False,群組批次數 1 < 5；群組內無壞批次
stage,80,0,1,216,2864,1,0,3081,216,0.0,0.07012987012987013,0.0,0.1791303490518982,108.58508363484256,未校正,Woolf（含 +0.5 校正）,1.0,1.0,,,94,,False,群組批次數 1 < 5；群組內無壞批次
recipe,222,0,2,216,2863,2,0,3081,216,0.0,0.07015264696329977,0.0,0.12659873116239284,55.27251317329225,未校正,Woolf（含 +0.5 校正）,1.0,1.0,,,20,,False,群組批次數 2 < 5；群組內無壞批次
recipe_step_x_stage,222|3,0,2,216,2863,2,0,3081,216,0.0,0.07015264696329977,0.0,0.12659873116239284,55.27251317329225,未校正,Woolf（含 +0.5 校正）,1.0,1.0,,,154,,False,群組批次數 2 < 5；群組內無壞批次
recipe_step_x_stage,222|1,0,2,216,2863,2,0,3081,216,0.0,0.07015264696329977,0.0,0.12659873116239284,55.27251317329225,未校正,Woolf（含 +0.5 校正）,1.0,1.0,,,155,,False,群組批次數 2 < 5；群組內無壞批次
recipe_step_x_stage,222|5,0,2,216,2863,2,0,3081,216,0.0,0.07015264696329977,0.0,0.12659873116239284,55.27251317329225,未校正,Woolf（含 +0.5 校正）,1.0,1.0,,,156,,False,群組批次數 2 < 5；群組內無壞批次
recipe_step_x_stage,222|2,0,2,216,2863,2,0,3081,216,0.0,0.07015264696329977,0.0,0.12659873116239284,55.27251317329225,未校正,Woolf（含 +0.5 校正）,1.0,1.0,,,157,,False,群組批次數 2 < 5；群組內無壞批次
recipe_step_x_stage,222|4,0,2,216,2863,2,0,3081,216,0.0,0.07015264696329977,0.0,0.12659873116239284,55.27251317329225,未校正,Woolf（含 +0.5 校正）,1.0,1.0,,,158,,False,群組批次數 2 < 5；群組內無壞批次
recipe,241,0,1,216,2864,1,0,3081,216,0.0,0.07012987012987013,0.0,0.1791303490518982,108.58508363484256,未校正,Woolf（含 +0.5 校正）,1.0,1.0,,,21,,False,群組批次數 1 < 5；群組內無壞批次
recipe_step_x_stage,241|2,0,1,216,2864,1,0,3081,216,0.0,0.07012987012987013,0.0,0.1791303490518982,108.58508363484256,未校正,Woolf（含 +0.5 校正）,1.0,1.0,,,159,,False,群組批次數 1 < 5；群組內無壞批次
recipe_step_x_stage,241|1,0,1,216,2864,1,0,3081,216,0.0,0.07012987012987013,0.0,0.1791303490518982,108.58508363484256,未校正,Woolf（含 +0.5 校正）,1.0,1.0,,,160,,False,群組批次數 1 < 5；群組內無壞批次
recipe_step_x_stage,241|5,0,1,216,2864,1,0,3081,216,0.0,0.07012987012987013,0.0,0.1791303490518982,108.58508363484256,未校正,Woolf（含 +0.5 校正）,1.0,1.0,,,161,,False,群組批次數 1 < 5；群組內無壞批次
recipe_step_x_stage,241|4,0,1,216,2864,1,0,3081,216,0.0,0.07012987012987013,0.0,0.1791303490518982,108.58508363484256,未校正,Woolf（含 +0.5 校正）,1.0,1.0,,,162,,False,群組批次數 1 < 5；群組內無壞批次
recipe_step_x_stage,241|3,0,1,216,2864,1,0,3081,216,0.0,0.07012987012987013,0.0,0.1791303490518982,108.58508363484256,未校正,Woolf（含 +0.5 校正）,1.0,1.0,,,163,,False,群組批次數 1 < 5；群組內無壞批次
stage,222,0,13,216,2852,13,0,3081,216,0.0,0.07040417209908735,0.0,0.028911187874542468,8.236487441521637,未校正,Woolf（含 +0.5 校正）,1.0,1.0,,,95,,False,群組內無壞批次
recipe,46,0,1,216,2864,1,0,3081,216,0.0,0.07012987012987013,0.0,0.1791303490518982,108.58508363484256,未校正,Woolf（含 +0.5 校正）,1.0,1.0,,,22,,False,群組批次數 1 < 5；群組內無壞批次
recipe_step_x_stage,46|2,0,1,216,2864,1,0,3081,216,0.0,0.07012987012987013,0.0,0.1791303490518982,108.58508363484256,未校正,Woolf（含 +0.5 校正）,1.0,1.0,,,164,,False,群組批次數 1 < 5；群組內無壞批次
recipe_step_x_stage,46|1,0,1,216,2864,1,0,3081,216,0.0,0.07012987012987013,0.0,0.1791303490518982,108.58508363484256,未校正,Woolf（含 +0.5 校正）,1.0,1.0,,,165,,False,群組批次數 1 < 5；群組內無壞批次
recipe_step_x_stage,46|5,0,1,216,2864,1,0,3081,216,0.0,0.07012987012987013,0.0,0.1791303490518982,108.58508363484256,未校正,Woolf（含 +0.5 校正）,1.0,1.0,,,166,,False,群組批次數 1 < 5；群組內無壞批次
recipe_step_x_stage,46|4,0,1,216,2864,1,0,3081,216,0.0,0.07012987012987013,0.0,0.1791303490518982,108.58508363484256,未校正,Woolf（含 +0.5 校正）,1.0,1.0,,,167,,False,群組批次數 1 < 5；群組內無壞批次
recipe_step_x_stage,46|3,0,1,216,2864,1,0,3081,216,0.0,0.07012987012987013,0.0,0.1791303490518982,108.58508363484256,未校正,Woolf（含 +0.5 校正）,1.0,1.0,,,168,,False,群組批次數 1 < 5；群組內無壞批次
recipe,60,0,1,216,2864,1,0,3081,216,0.0,0.07012987012987013,0.0,0.1791303490518982,108.58508363484256,未校正,Woolf（含 +0.5 校正）,1.0,1.0,,,23,,False,群組批次數 1 < 5；群組內無壞批次
recipe_step_x_stage,60|4,0,1,216,2864,1,0,3081,216,0.0,0.07012987012987013,0.0,0.1791303490518982,108.58508363484256,未校正,Woolf（含 +0.5 校正）,1.0,1.0,,,169,,False,群組批次數 1 < 5；群組內無壞批次
recipe_step_x_stage,60|3,0,1,216,2864,1,0,3081,216,0.0,0.07012987012987013,0.0,0.1791303490518982,108.58508363484256,未校正,Woolf（含 +0.5 校正）,1.0,1.0,,,170,,False,群組批次數 1 < 5；群組內無壞批次
recipe_step_x_stage,60|5,0,1,216,2864,1,0,3081,216,0.0,0.07012987012987013,0.0,0.1791303490518982,108.58508363484256,未校正,Woolf（含 +0.5 校正）,1.0,1.0,,,171,,False,群組批次數 1 < 5；群組內無壞批次
recipe_step_x_stage,60|1,0,1,216,2864,1,0,3081,216,0.0,0.07012987012987013,0.0,0.1791303490518982,108.58508363484256,未校正,Woolf（含 +0.5 校正）,1.0,1.0,,,172,,False,群組批次數 1 < 5；群組內無壞批次
recipe_step_x_stage,60|2,0,1,216,2864,1,0,3081,216,0.0,0.07012987012987013,0.0,0.1791303490518982,108.58508363484256,未校正,Woolf（含 +0.5 校正）,1.0,1.0,,,173,,False,群組批次數 1 < 5；群組內無壞批次
recipe,220,0,1,216,2864,1,0,3081,216,0.0,0.07012987012987013,0.0,0.1791303490518982,108.58508363484256,未校正,Woolf（含 +0.5 校正）,1.0,1.0,,,24,,False,群組批次數 1 < 5；群組內無壞批次
recipe,246,0,1,216,2864,1,0,3081,216,0.0,0.07012987012987013,0.0,0.1791303490518982,108.58508363484256,未校正,Woolf（含 +0.5 校正）,1.0,1.0,,,25,,False,群組批次數 1 < 5；群組內無壞批次
recipe_step_x_stage,220|3,0,1,216,2864,1,0,3081,216,0.0,0.07012987012987013,0.0,0.1791303490518982,108.58508363484256,未校正,Woolf（含 +0.5 校正）,1.0,1.0,,,174,,False,群組批次數 1 < 5；群組內無壞批次
recipe_step_x_stage,246|9,0,1,216,2864,1,0,3081,216,0.0,0.07012987012987013,0.0,0.1791303490518982,108.58508363484256,未校正,Woolf（含 +0.5 校正）,1.0,1.0,,,175,,False,群組批次數 1 < 5；群組內無壞批次
recipe_step_x_stage,220|2,0,1,216,2864,1,0,3081,216,0.0,0.07012987012987013,0.0,0.1791303490518982,108.58508363484256,未校正,Woolf（含 +0.5 校正）,1.0,1.0,,,176,,False,群組批次數 1 < 5；群組內無壞批次
recipe_step_x_stage,220|1,0,1,216,2864,1,0,3081,216,0.0,0.07012987012987013,0.0,0.1791303490518982,108.58508363484256,未校正,Woolf（含 +0.5 校正）,1.0,1.0,,,177,,False,群組批次數 1 < 5；群組內無壞批次
recipe_step_x_stage,220|5,0,1,216,2864,1,0,3081,216,0.0,0.07012987012987013,0.0,0.1791303490518982,108.58508363484256,未校正,Woolf（含 +0.5 校正）,1.0,1.0,,,178,,False,群組批次數 1 < 5；群組內無壞批次
recipe_step_x_stage,246|4,0,1,216,2864,1,0,3081,216,0.0,0.07012987012987013,0.0,0.1791303490518982,108.58508363484256,未校正,Woolf（含 +0.5 校正）,1.0,1.0,,,179,,False,群組批次數 1 < 5；群組內無壞批次
recipe_step_x_stage,246|8,0,1,216,2864,1,0,3081,216,0.0,0.07012987012987013,0.0,0.1791303490518982,108.58508363484256,未校正,Woolf（含 +0.5 校正）,1.0,1.0,,,180,,False,群組批次數 1 < 5；群組內無壞批次
recipe_step_x_stage,246|3,0,1,216,2864,1,0,3081,216,0.0,0.07012987012987013,0.0,0.1791303490518982,108.58508363484256,未校正,Woolf（含 +0.5 校正）,1.0,1.0,,,181,,False,群組批次數 1 < 5；群組內無壞批次
recipe_step_x_stage,246|1,0,1,216,2864,1,0,3081,216,0.0,0.07012987012987013,0.0,0.1791303490518982,108.58508363484256,未校正,Woolf（含 +0.5 校正）,1.0,1.0,,,182,,False,群組批次數 1 < 5；群組內無壞批次
recipe_step_x_stage,246|5,0,1,216,2864,1,0,3081,216,0.0,0.07012987012987013,0.0,0.1791303490518982,108.58508363484256,未校正,Woolf（含 +0.5 校正）,1.0,1.0,,,183,,False,群組批次數 1 < 5；群組內無壞批次
recipe_step_x_stage,246|2,0,1,216,2864,1,0,3081,216,0.0,0.07012987012987013,0.0,0.1791303490518982,108.58508363484256,未校正,Woolf（含 +0.5 校正）,1.0,1.0,,,184,,False,群組批次數 1 < 5；群組內無壞批次
recipe_step_x_stage,246|6,0,1,216,2864,1,0,3081,216,0.0,0.07012987012987013,0.0,0.1791303490518982,108.58508363484256,未校正,Woolf（含 +0.5 校正）,1.0,1.0,,,185,,False,群組批次數 1 < 5；群組內無壞批次
recipe_step_x_stage,246|7,0,1,216,2864,1,0,3081,216,0.0,0.07012987012987013,0.0,0.1791303490518982,108.58508363484256,未校正,Woolf（含 +0.5 校正）,1.0,1.0,,,186,,False,群組批次數 1 < 5；群組內無壞批次
recipe_step_x_stage,220|4,0,1,216,2864,1,0,3081,216,0.0,0.07012987012987013,0.0,0.1791303490518982,108.58508363484256,未校正,Woolf（含 +0.5 校正）,1.0,1.0,,,187,,False,群組批次數 1 < 5；群組內無壞批次
recipe_step_x_stage,2|11,0,1,216,2864,1,0,3081,216,0.0,0.07012987012987013,0.0,0.1791303490518982,108.58508363484256,未校正,Woolf（含 +0.5 校正）,1.0,1.0,,,188,,False,群組批次數 1 < 5；群組內無壞批次
recipe_step_x_stage,2|10,0,1,216,2864,1,0,3081,216,0.0,0.07012987012987013,0.0,0.1791303490518982,108.58508363484256,未校正,Woolf（含 +0.5 校正）,1.0,1.0,,,189,,False,群組批次數 1 < 5；群組內無壞批次
stage,166,0,1,216,2864,1,0,3081,216,0.0,0.07012987012987013,0.0,0.1791303490518982,108.58508363484256,未校正,Woolf（含 +0.5 校正）,1.0,1.0,,,96,,False,群組批次數 1 < 5；群組內無壞批次
stage,101,0,13,216,2852,13,0,3081,216,0.0,0.07040417209908735,0.0,0.028911187874542468,8.236487441521637,未校正,Woolf（含 +0.5 校正）,1.0,1.0,,,97,,False,群組內無壞批次
stage,48,0,1,216,2864,1,0,3081,216,0.0,0.07012987012987013,0.0,0.1791303490518982,108.58508363484256,未校正,Woolf（含 +0.5 校正）,1.0,1.0,,,98,,False,群組批次數 1 < 5；群組內無壞批次
stage,194,0,1,216,2864,1,0,3081,216,0.0,0.07012987012987013,0.0,0.1791303490518982,108.58508363484256,未校正,Woolf（含 +0.5 校正）,1.0,1.0,,,99,,False,群組批次數 1 < 5；群組內無壞批次
stage,154,0,3,216,2862,3,0,3081,216,0.0,0.07017543859649122,0.0,0.0972514148746917,36.684548715377716,未校正,Woolf（含 +0.5 校正）,1.0,1.0,,,100,,False,群組批次數 3 < 5；群組內無壞批次
stage,19,0,3,216,2862,3,0,3081,216,0.0,0.07017543859649122,0.0,0.0972514148746917,36.684548715377716,未校正,Woolf（含 +0.5 校正）,1.0,1.0,,,101,,False,群組批次數 3 < 5；群組內無壞批次
recipe,247,0,1,216,2864,1,0,3081,216,0.0,0.07012987012987013,0.0,0.1791303490518982,108.58508363484256,未校正,Woolf（含 +0.5 校正）,1.0,1.0,,,26,,False,群組批次數 1 < 5；群組內無壞批次
recipe_step_x_stage,247|4,0,1,216,2864,1,0,3081,216,0.0,0.07012987012987013,0.0,0.1791303490518982,108.58508363484256,未校正,Woolf（含 +0.5 校正）,1.0,1.0,,,190,,False,群組批次數 1 < 5；群組內無壞批次
recipe_step_x_stage,247|3,0,1,216,2864,1,0,3081,216,0.0,0.07012987012987013,0.0,0.1791303490518982,108.58508363484256,未校正,Woolf（含 +0.5 校正）,1.0,1.0,,,191,,False,群組批次數 1 < 5；群組內無壞批次
recipe_step_x_stage,247|2,0,1,216,2864,1,0,3081,216,0.0,0.07012987012987013,0.0,0.1791303490518982,108.58508363484256,未校正,Woolf（含 +0.5 校正）,1.0,1.0,,,192,,False,群組批次數 1 < 5；群組內無壞批次
recipe_step_x_stage,247|1,0,1,216,2864,1,0,3081,216,0.0,0.07012987012987013,0.0,0.1791303490518982,108.58508363484256,未校正,Woolf（含 +0.5 校正）,1.0,1.0,,,193,,False,群組批次數 1 < 5；群組內無壞批次
recipe_step_x_stage,247|5,0,1,216,2864,1,0,3081,216,0.0,0.07012987012987013,0.0,0.1791303490518982,108.58508363484256,未校正,Woolf（含 +0.5 校正）,1.0,1.0,,,194,,False,群組批次數 1 < 5；群組內無壞批次
stage,127,0,3,216,2862,3,0,3081,216,0.0,0.07017543859649122,0.0,0.0972514148746917,36.684548715377716,未校正,Woolf（含 +0.5 校正）,1.0,1.0,,,102,,False,群組批次數 3 < 5；群組內無壞批次
stage,141,0,2,216,2863,2,0,3081,216,0.0,0.07015264696329977,0.0,0.12659873116239284,55.27251317329225,未校正,Woolf（含 +0.5 校正）,1.0,1.0,,,103,,False,群組批次數 2 < 5；群組內無壞批次
recipe,34,0,1,216,2864,1,0,3081,216,0.0,0.07012987012987013,0.0,0.1791303490518982,108.58508363484256,未校正,Woolf（含 +0.5 校正）,1.0,1.0,,,27,,False,群組批次數 1 < 5；群組內無壞批次
recipe_step_x_stage,34|4,0,1,216,2864,1,0,3081,216,0.0,0.07012987012987013,0.0,0.1791303490518982,108.58508363484256,未校正,Woolf（含 +0.5 校正）,1.0,1.0,,,195,,False,群組批次數 1 < 5；群組內無壞批次
recipe_step_x_stage,34|3,0,1,216,2864,1,0,3081,216,0.0,0.07012987012987013,0.0,0.1791303490518982,108.58508363484256,未校正,Woolf（含 +0.5 校正）,1.0,1.0,,,196,,False,群組批次數 1 < 5；群組內無壞批次
recipe_step_x_stage,34|2,0,1,216,2864,1,0,3081,216,0.0,0.07012987012987013,0.0,0.1791303490518982,108.58508363484256,未校正,Woolf（含 +0.5 校正）,1.0,1.0,,,197,,False,群組批次數 1 < 5；群組內無壞批次
recipe_step_x_stage,34|1,0,1,216,2864,1,0,3081,216,0.0,0.07012987012987013,0.0,0.1791303490518982,108.58508363484256,未校正,Woolf（含 +0.5 校正）,1.0,1.0,,,198,,False,群組批次數 1 < 5；群組內無壞批次
recipe_step_x_stage,34|5,0,1,216,2864,1,0,3081,216,0.0,0.07012987012987013,0.0,0.1791303490518982,108.58508363484256,未校正,Woolf（含 +0.5 校正）,1.0,1.0,,,199,,False,群組批次數 1 < 5；群組內無壞批次
recipe_step_x_stage,222|6,0,1,216,2864,1,0,3081,216,0.0,0.07012987012987013,0.0,0.1791303490518982,108.58508363484256,未校正,Woolf（含 +0.5 校正）,1.0,1.0,,,200,,False,群組批次數 1 < 5；群組內無壞批次
recipe_step_x_stage,222|7,0,1,216,2864,1,0,3081,216,0.0,0.07012987012987013,0.0,0.1791303490518982,108.58508363484256,未校正,Woolf（含 +0.5 校正）,1.0,1.0,,,201,,False,群組批次數 1 < 5；群組內無壞批次
stage,22,0,2,216,2863,2,0,3081,216,0.0,0.07015264696329977,0.0,0.12659873116239284,55.27251317329225,未校正,Woolf（含 +0.5 校正）,1.0,1.0,,,104,,False,群組批次數 2 < 5；群組內無壞批次
recipe_step_x_stage,216|8,0,1,216,2864,1,0,3081,216,0.0,0.07012987012987013,0.0,0.1791303490518982,108.58508363484256,未校正,Woolf（含 +0.5 校正）,1.0,1.0,,,202,,False,群組批次數 1 < 5；群組內無壞批次
recipe_step_x_stage,216|11,0,1,216,2864,1,0,3081,216,0.0,0.07012987012987013,0.0,0.1791303490518982,108.58508363484256,未校正,Woolf（含 +0.5 校正）,1.0,1.0,,,203,,False,群組批次數 1 < 5；群組內無壞批次
recipe_step_x_stage,216|10,0,1,216,2864,1,0,3081,216,0.0,0.07012987012987013,0.0,0.1791303490518982,108.58508363484256,未校正,Woolf（含 +0.5 校正）,1.0,1.0,,,204,,False,群組批次數 1 < 5；群組內無壞批次
recipe_step_x_stage,216|12,0,1,216,2864,1,0,3081,216,0.0,0.07012987012987013,0.0,0.1791303490518982,108.58508363484256,未校正,Woolf（含 +0.5 校正）,1.0,1.0,,,205,,False,群組批次數 1 < 5；群組內無壞批次
recipe_step_x_stage,216|13,0,1,216,2864,1,0,3081,216,0.0,0.07012987012987013,0.0,0.1791303490518982,108.58508363484256,未校正,Woolf（含 +0.5 校正）,1.0,1.0,,,206,,False,群組批次數 1 < 5；群組內無壞批次
recipe_step_x_stage,216|9,0,1,216,2864,1,0,3081,216,0.0,0.07012987012987013,0.0,0.1791303490518982,108.58508363484256,未校正,Woolf（含 +0.5 校正）,1.0,1.0,,,207,,False,群組批次數 1 < 5；群組內無壞批次
stage,102,0,3,216,2862,3,0,3081,216,0.0,0.07017543859649122,0.0,0.0972514148746917,36.684548715377716,未校正,Woolf（含 +0.5 校正）,1.0,1.0,,,105,,False,群組批次數 3 < 5；群組內無壞批次
stage,124,0,1,216,2864,1,0,3081,216,0.0,0.07012987012987013,0.0,0.1791303490518982,108.58508363484256,未校正,Woolf（含 +0.5 校正）,1.0,1.0,,,106,,False,群組批次數 1 < 5；群組內無壞批次
recipe,45,0,1,216,2864,1,0,3081,216,0.0,0.07012987012987013,0.0,0.1791303490518982,108.58508363484256,未校正,Woolf（含 +0.5 校正）,1.0,1.0,,,28,,False,群組批次數 1 < 5；群組內無壞批次
recipe_step_x_stage,45|4,0,1,216,2864,1,0,3081,216,0.0,0.07012987012987013,0.0,0.1791303490518982,108.58508363484256,未校正,Woolf（含 +0.5 校正）,1.0,1.0,,,208,,False,群組批次數 1 < 5；群組內無壞批次
recipe_step_x_stage,45|3,0,1,216,2864,1,0,3081,216,0.0,0.07012987012987013,0.0,0.1791303490518982,108.58508363484256,未校正,Woolf（含 +0.5 校正）,1.0,1.0,,,209,,False,群組批次數 1 < 5；群組內無壞批次
recipe_step_x_stage,45|2,0,1,216,2864,1,0,3081,216,0.0,0.07012987012987013,0.0,0.1791303490518982,108.58508363484256,未校正,Woolf（含 +0.5 校正）,1.0,1.0,,,210,,False,群組批次數 1 < 5；群組內無壞批次
recipe_step_x_stage,45|1,0,1,216,2864,1,0,3081,216,0.0,0.07012987012987013,0.0,0.1791303490518982,108.58508363484256,未校正,Woolf（含 +0.5 校正）,1.0,1.0,,,211,,False,群組批次數 1 < 5；群組內無壞批次
recipe_step_x_stage,45|5,0,1,216,2864,1,0,3081,216,0.0,0.07012987012987013,0.0,0.1791303490518982,108.58508363484256,未校正,Woolf（含 +0.5 校正）,1.0,1.0,,,212,,False,群組批次數 1 < 5；群組內無壞批次
recipe,243,0,2,216,2863,2,0,3081,216,0.0,0.07015264696329977,0.0,0.12659873116239284,55.27251317329225,未校正,Woolf（含 +0.5 校正）,1.0,1.0,,,29,,False,群組批次數 2 < 5；群組內無壞批次
recipe_step_x_stage,243|4,0,2,216,2863,2,0,3081,216,0.0,0.07015264696329977,0.0,0.12659873116239284,55.27251317329225,未校正,Woolf（含 +0.5 校正）,1.0,1.0,,,213,,False,群組批次數 2 < 5；群組內無壞批次
recipe_step_x_stage,243|3,0,2,216,2863,2,0,3081,216,0.0,0.07015264696329977,0.0,0.12659873116239284,55.27251317329225,未校正,Woolf（含 +0.5 校正）,1.0,1.0,,,214,,False,群組批次數 2 < 5；群組內無壞批次
recipe_step_x_stage,243|2,0,2,216,2863,2,0,3081,216,0.0,0.07015264696329977,0.0,0.12659873116239284,55.27251317329225,未校正,Woolf（含 +0.5 校正）,1.0,1.0,,,215,,False,群組批次數 2 < 5；群組內無壞批次
recipe_step_x_stage,243|1,0,2,216,2863,2,0,3081,216,0.0,0.07015264696329977,0.0,0.12659873116239284,55.27251317329225,未校正,Woolf（含 +0.5 校正）,1.0,1.0,,,216,,False,群組批次數 2 < 5；群組內無壞批次
recipe_step_x_stage,243|5,0,2,216,2863,2,0,3081,216,0.0,0.07015264696329977,0.0,0.12659873116239284,55.27251317329225,未校正,Woolf（含 +0.5 校正）,1.0,1.0,,,217,,False,群組批次數 2 < 5；群組內無壞批次
stage,129,0,4,216,2861,4,0,3081,216,0.0,0.0701982450438739,0.0,0.07880963226971659,27.365751513646337,未校正,Woolf（含 +0.5 校正）,1.0,1.0,,,107,,False,群組批次數 4 < 5；群組內無壞批次
recipe_step_x_stage,8|14,0,1,216,2864,1,0,3081,216,0.0,0.07012987012987013,0.0,0.1791303490518982,108.58508363484256,未校正,Woolf（含 +0.5 校正）,1.0,1.0,,,218,,False,群組批次數 1 < 5；群組內無壞批次
recipe_step_x_stage,8|15,0,1,216,2864,1,0,3081,216,0.0,0.07012987012987013,0.0,0.1791303490518982,108.58508363484256,未校正,Woolf（含 +0.5 校正）,1.0,1.0,,,219,,False,群組批次數 1 < 5；群組內無壞批次
recipe_step,31,0,1,216,2864,1,0,3081,216,0.0,0.07012987012987013,0.0,0.1791303490518982,108.58508363484256,未校正,Woolf（含 +0.5 校正）,1.0,1.0,,,20,,False,群組批次數 1 < 5；群組內無壞批次
recipe_step,30,0,1,216,2864,1,0,3081,216,0.0,0.07012987012987013,0.0,0.1791303490518982,108.58508363484256,未校正,Woolf（含 +0.5 校正）,1.0,1.0,,,21,,False,群組批次數 1 < 5；群組內無壞批次
recipe_step,23,0,1,216,2864,1,0,3081,216,0.0,0.07012987012987013,0.0,0.1791303490518982,108.58508363484256,未校正,Woolf（含 +0.5 校正）,1.0,1.0,,,22,,False,群組批次數 1 < 5；群組內無壞批次
recipe_step,21,0,1,216,2864,1,0,3081,216,0.0,0.07012987012987013,0.0,0.1791303490518982,108.58508363484256,未校正,Woolf（含 +0.5 校正）,1.0,1.0,,,23,,False,群組批次數 1 < 5；群組內無壞批次
recipe_step,27,0,1,216,2864,1,0,3081,216,0.0,0.07012987012987013,0.0,0.1791303490518982,108.58508363484256,未校正,Woolf（含 +0.5 校正）,1.0,1.0,,,24,,False,群組批次數 1 < 5；群組內無壞批次
recipe_step,19,0,1,216,2864,1,0,3081,216,0.0,0.07012987012987013,0.0,0.1791303490518982,108.58508363484256,未校正,Woolf（含 +0.5 校正）,1.0,1.0,,,25,,False,群組批次數 1 < 5；群組內無壞批次
recipe_step,32,0,1,216,2864,1,0,3081,216,0.0,0.07012987012987013,0.0,0.1791303490518982,108.58508363484256,未校正,Woolf（含 +0.5 校正）,1.0,1.0,,,26,,False,群組批次數 1 < 5；群組內無壞批次
recipe_step,20,0,1,216,2864,1,0,3081,216,0.0,0.07012987012987013,0.0,0.1791303490518982,108.58508363484256,未校正,Woolf（含 +0.5 校正）,1.0,1.0,,,27,,False,群組批次數 1 < 5；群組內無壞批次
recipe_step,33,0,1,216,2864,1,0,3081,216,0.0,0.07012987012987013,0.0,0.1791303490518982,108.58508363484256,未校正,Woolf（含 +0.5 校正）,1.0,1.0,,,28,,False,群組批次數 1 < 5；群組內無壞批次
recipe_step,22,0,1,216,2864,1,0,3081,216,0.0,0.07012987012987013,0.0,0.1791303490518982,108.58508363484256,未校正,Woolf（含 +0.5 校正）,1.0,1.0,,,29,,False,群組批次數 1 < 5；群組內無壞批次
recipe_step,25,0,1,216,2864,1,0,3081,216,0.0,0.07012987012987013,0.0,0.1791303490518982,108.58508363484256,未校正,Woolf（含 +0.5 校正）,1.0,1.0,,,30,,False,群組批次數 1 < 5；群組內無壞批次
recipe_step,26,0,1,216,2864,1,0,3081,216,0.0,0.07012987012987013,0.0,0.1791303490518982,108.58508363484256,未校正,Woolf（含 +0.5 校正）,1.0,1.0,,,31,,False,群組批次數 1 < 5；群組內無壞批次
recipe_step,28,0,1,216,2864,1,0,3081,216,0.0,0.07012987012987013,0.0,0.1791303490518982,108.58508363484256,未校正,Woolf（含 +0.5 校正）,1.0,1.0,,,32,,False,群組批次數 1 < 5；群組內無壞批次
recipe_step,24,0,1,216,2864,1,0,3081,216,0.0,0.07012987012987013,0.0,0.1791303490518982,108.58508363484256,未校正,Woolf（含 +0.5 校正）,1.0,1.0,,,33,,False,群組批次數 1 < 5；群組內無壞批次
recipe_step,29,0,1,216,2864,1,0,3081,216,0.0,0.07012987012987013,0.0,0.1791303490518982,108.58508363484256,未校正,Woolf（含 +0.5 校正）,1.0,1.0,,,34,,False,群組批次數 1 < 5；群組內無壞批次
recipe_step_x_stage,3|31,0,1,216,2864,1,0,3081,216,0.0,0.07012987012987013,0.0,0.1791303490518982,108.58508363484256,未校正,Woolf（含 +0.5 校正）,1.0,1.0,,,220,,False,群組批次數 1 < 5；群組內無壞批次
recipe_step_x_stage,3|20,0,1,216,2864,1,0,3081,216,0.0,0.07012987012987013,0.0,0.1791303490518982,108.58508363484256,未校正,Woolf（含 +0.5 校正）,1.0,1.0,,,221,,False,群組批次數 1 < 5；群組內無壞批次
recipe_step_x_stage,3|27,0,1,216,2864,1,0,3081,216,0.0,0.07012987012987013,0.0,0.1791303490518982,108.58508363484256,未校正,Woolf（含 +0.5 校正）,1.0,1.0,,,222,,False,群組批次數 1 < 5；群組內無壞批次
recipe_step_x_stage,3|23,0,1,216,2864,1,0,3081,216,0.0,0.07012987012987013,0.0,0.1791303490518982,108.58508363484256,未校正,Woolf（含 +0.5 校正）,1.0,1.0,,,223,,False,群組批次數 1 < 5；群組內無壞批次
recipe_step_x_stage,3|29,0,1,216,2864,1,0,3081,216,0.0,0.07012987012987013,0.0,0.1791303490518982,108.58508363484256,未校正,Woolf（含 +0.5 校正）,1.0,1.0,,,224,,False,群組批次數 1 < 5；群組內無壞批次
recipe_step_x_stage,3|26,0,1,216,2864,1,0,3081,216,0.0,0.07012987012987013,0.0,0.1791303490518982,108.58508363484256,未校正,Woolf（含 +0.5 校正）,1.0,1.0,,,225,,False,群組批次數 1 < 5；群組內無壞批次
recipe_step_x_stage,3|30,0,1,216,2864,1,0,3081,216,0.0,0.07012987012987013,0.0,0.1791303490518982,108.58508363484256,未校正,Woolf（含 +0.5 校正）,1.0,1.0,,,226,,False,群組批次數 1 < 5；群組內無壞批次
recipe_step_x_stage,3|21,0,1,216,2864,1,0,3081,216,0.0,0.07012987012987013,0.0,0.1791303490518982,108.58508363484256,未校正,Woolf（含 +0.5 校正）,1.0,1.0,,,227,,False,群組批次數 1 < 5；群組內無壞批次
recipe_step_x_stage,3|32,0,1,216,2864,1,0,3081,216,0.0,0.07012987012987013,0.0,0.1791303490518982,108.58508363484256,未校正,Woolf（含 +0.5 校正）,1.0,1.0,,,228,,False,群組批次數 1 < 5；群組內無壞批次
recipe_step_x_stage,3|33,0,1,216,2864,1,0,3081,216,0.0,0.07012987012987013,0.0,0.1791303490518982,108.58508363484256,未校正,Woolf（含 +0.5 校正）,1.0,1.0,,,229,,False,群組批次數 1 < 5；群組內無壞批次
recipe_step_x_stage,3|19,0,1,216,2864,1,0,3081,216,0.0,0.07012987012987013,0.0,0.1791303490518982,108.58508363484256,未校正,Woolf（含 +0.5 校正）,1.0,1.0,,,230,,False,群組批次數 1 < 5；群組內無壞批次
recipe_step_x_stage,3|25,0,1,216,2864,1,0,3081,216,0.0,0.07012987012987013,0.0,0.1791303490518982,108.58508363484256,未校正,Woolf（含 +0.5 校正）,1.0,1.0,,,231,,False,群組批次數 1 < 5；群組內無壞批次
recipe_step_x_stage,3|24,0,1,216,2864,1,0,3081,216,0.0,0.07012987012987013,0.0,0.1791303490518982,108.58508363484256,未校正,Woolf（含 +0.5 校正）,1.0,1.0,,,232,,False,群組批次數 1 < 5；群組內無壞批次
recipe_step_x_stage,3|22,0,1,216,2864,1,0,3081,216,0.0,0.07012987012987013,0.0,0.1791303490518982,108.58508363484256,未校正,Woolf（含 +0.5 校正）,1.0,1.0,,,233,,False,群組批次數 1 < 5；群組內無壞批次
recipe_step_x_stage,3|28,0,1,216,2864,1,0,3081,216,0.0,0.07012987012987013,0.0,0.1791303490518982,108.58508363484256,未校正,Woolf（含 +0.5 校正）,1.0,1.0,,,234,,False,群組批次數 1 < 5；群組內無壞批次
stage,90,0,5,216,2860,5,0,3081,216,0.0,0.07022106631989597,0.0,0.0661991750452364,21.793659189177767,未校正,Woolf（含 +0.5 校正）,1.0,1.0,,,108,,False,群組內無壞批次
recipe_step_x_stage,216|0,0,1,216,2864,1,0,3081,216,0.0,0.07012987012987013,0.0,0.1791303490518982,108.58508363484256,未校正,Woolf（含 +0.5 校正）,1.0,1.0,,,235,,False,群組批次數 1 < 5；群組內無壞批次
recipe,233,0,1,216,2864,1,0,3081,216,0.0,0.07012987012987013,0.0,0.1791303490518982,108.58508363484256,未校正,Woolf（含 +0.5 校正）,1.0,1.0,,,30,,False,群組批次數 1 < 5；群組內無壞批次
stage,263,0,1,216,2864,1,0,3081,216,0.0,0.07012987012987013,0.0,0.1791303490518982,108.58508363484256,未校正,Woolf（含 +0.5 校正）,1.0,1.0,,,109,,False,群組批次數 1 < 5；群組內無壞批次
recipe_step_x_stage,233|1,0,1,216,2864,1,0,3081,216,0.0,0.07012987012987013,0.0,0.1791303490518982,108.58508363484256,未校正,Woolf（含 +0.5 校正）,1.0,1.0,,,236,,False,群組批次數 1 < 5；群組內無壞批次
recipe_step_x_stage,233|3,0,1,216,2864,1,0,3081,216,0.0,0.07012987012987013,0.0,0.1791303490518982,108.58508363484256,未校正,Woolf（含 +0.5 校正）,1.0,1.0,,,237,,False,群組批次數 1 < 5；群組內無壞批次
recipe_step_x_stage,233|2,0,1,216,2864,1,0,3081,216,0.0,0.07012987012987013,0.0,0.1791303490518982,108.58508363484256,未校正,Woolf（含 +0.5 校正）,1.0,1.0,,,238,,False,群組批次數 1 < 5；群組內無壞批次
stage,137,0,2,216,2863,2,0,3081,216,0.0,0.07015264696329977,0.0,0.12659873116239284,55.27251317329225,未校正,Woolf（含 +0.5 校正）,1.0,1.0,,,110,,False,群組批次數 2 < 5；群組內無壞批次
recipe,240,0,1,216,2864,1,0,3081,216,0.0,0.07012987012987013,0.0,0.1791303490518982,108.58508363484256,未校正,Woolf（含 +0.5 校正）,1.0,1.0,,,31,,False,群組批次數 1 < 5；群組內無壞批次
recipe_step_x_stage,240|4,0,1,216,2864,1,0,3081,216,0.0,0.07012987012987013,0.0,0.1791303490518982,108.58508363484256,未校正,Woolf（含 +0.5 校正）,1.0,1.0,,,239,,False,群組批次數 1 < 5；群組內無壞批次
recipe_step_x_stage,240|3,0,1,216,2864,1,0,3081,216,0.0,0.07012987012987013,0.0,0.1791303490518982,108.58508363484256,未校正,Woolf（含 +0.5 校正）,1.0,1.0,,,240,,False,群組批次數 1 < 5；群組內無壞批次
recipe_step_x_stage,240|2,0,1,216,2864,1,0,3081,216,0.0,0.07012987012987013,0.0,0.1791303490518982,108.58508363484256,未校正,Woolf（含 +0.5 校正）,1.0,1.0,,,241,,False,群組批次數 1 < 5；群組內無壞批次
recipe_step_x_stage,240|6,0,1,216,2864,1,0,3081,216,0.0,0.07012987012987013,0.0,0.1791303490518982,108.58508363484256,未校正,Woolf（含 +0.5 校正）,1.0,1.0,,,242,,False,群組批次數 1 < 5；群組內無壞批次
recipe_step_x_stage,240|1,0,1,216,2864,1,0,3081,216,0.0,0.07012987012987013,0.0,0.1791303490518982,108.58508363484256,未校正,Woolf（含 +0.5 校正）,1.0,1.0,,,243,,False,群組批次數 1 < 5；群組內無壞批次
recipe_step_x_stage,240|5,0,1,216,2864,1,0,3081,216,0.0,0.07012987012987013,0.0,0.1791303490518982,108.58508363484256,未校正,Woolf（含 +0.5 校正）,1.0,1.0,,,244,,False,群組批次數 1 < 5；群組內無壞批次
recipe_step_x_stage,240|7,0,1,216,2864,1,0,3081,216,0.0,0.07012987012987013,0.0,0.1791303490518982,108.58508363484256,未校正,Woolf（含 +0.5 校正）,1.0,1.0,,,245,,False,群組批次數 1 < 5；群組內無壞批次
